date_end,date_start,pollster,sponsor,population,n,approve,disapprove,value,partisan,internal,poll_id,source_url
2025-01-20,2025-01-20,InsiderAdvantage,,RV,800,56.0,39.0,17.0,,,appdoninsm57hlnce,https://insideradvantage.com/first-insideradvantage-trump-job-performance-survey-approval-hits-fifty-six-percent-post-inaugural-address/
2025-01-21,2025-01-20,Ipsos,Reuters,A,1077,47.0,41.0,6.0,,,appdonips08b5hfrm,https://www.ipsos.com/en-us/reuters-ipsos-trump-inauguration-survey
2025-01-21,2025-01-21,SoCal Strategies,On Point Politics,A,742,49.0,36.0,13.0,,,appdonsocfdrw07ag,https://substack.com/inbox/post/155392047
2025-01-22,2025-01-19,Big Data Poll,Public Polling Project,RV,2979,55.5,37.4,18.1,,,appdonbig63pt0ppx,https://www.bigdatapoll.com/blog/poll-trump-begins-second-term-with-highest-approval-rating-on-record/
2025-01-23,2025-01-21,AtlasIntel,,A,1882,50.1,49.7,0.4,,,appdonatlijev5o5n,https://cdn.atlasintel.org/ed3f5238-e823-495e-a877-628217de9e68.pdf
2025-01-23,2025-01-22,Quantus Insights,TrendingPolitics,RV,1000,54.0,40.0,14.0,REP,,appdonquar0mvzlng,https://quantusinsights.org/f/trump%E2%80%99s-second-term-begins-what-voters-think
2025-01-24,2025-01-22,Echelon Insights,,LV,1024,51.0,43.0,8.0,,,appdonechum9bxiau,https://echeloninsights.com/in-the-news/dec-2024-verified-voter-omnibus-2/
2025-01-24,2025-01-22,Research Co.,,A,1001,50.0,46.0,4.0,,,appdonresesz9l05r,https://researchco.ca/2025/01/27/immigration-usa/
2025-01-26,2025-01-24,Ipsos,Reuters,A,1034,45.0,46.0,-1.0,,,appdonipsn5jc893y,https://www.reuters.com/world/us/americans-sour-some-trumps-early-moves-reutersipsos-poll-finds-2025-01-28/
2025-01-26,2025-01-24,Morning Consult,,RV,2302,52.0,44.0,8.0,,,appdonmorjbpyohkq,https://pro.morningconsult.com/trackers/donald-trump-congress-policy-republicans-polling
2025-01-27,2025-01-21,Gallup,,A,1001,47.0,48.0,-1.0,,,appdongaltebvahhg,https://news.gallup.com/poll/655955/trump-inaugural-approval-rating-historically-low-again.aspx
2025-01-27,2025-01-22,McLaughlin & Associates,,LV,1000,52.0,43.0,9.0,,,appdonmcltm04swhj,https://mclaughlinonline.com/pols/wp-content/uploads/2025/01/National-January-Presentation-RELEASE-01-28-25.pdf
2025-01-27,2025-01-21,Morning Consult,,A,45000,52.35,37.67,14.7,,,appdonmor1fxb76x2,https://pro.morningconsult.com/trackers/global-leader-approval
2025-01-27,2025-01-23,Quinnipiac University,,RV,1019,46.0,43.0,3.0,,,appdonquib5aie3mm,https://poll.qu.edu/poll-release?releaseid=3918
2025-01-28,2025-01-27,Emerson College,,RV,1000,48.5,41.2,7.3,,,appdoneme9s1knuq1,https://emersoncollegepolling.com/january-2025-national-poll-trump-starts-term-with-49-approval-41-disapproval-rating/
2025-01-28,2025-01-26,YouGov,The Economist,A,1577,49.0,43.0,6.0,,,appdonyou58y4zibe,https://d3nkl3psvxxpe9.cloudfront.net/documents/econtoplines_HmzVWgj.pdf
2025-01-28,2025-01-26,YouGov,The Economist,RV,1376,50.0,46.0,4.0,,,appdonyouuqmearyb,https://d3nkl3psvxxpe9.cloudfront.net/documents/econTabReport_m8tctwx.pdf
2025-01-28,2025-01-25,co/efficient,,LV,1570,52.0,47.0,5.0,REP,,appdonco/lae7pi5t,https://coefficient.org/post-inauguration-study/
2025-01-31,2025-01-20,ActiVote,,A,1182,52.0,45.9,6.1,,,appdonactc7ne48l0,https://www.activote.net/a-majority-approves-of-trump/
2025-01-31,2025-01-27,RMG Research,Napolitan Institute,RV,4000,53.0,43.0,10.0,,,appdonrmga2cxnsnj,https://napolitannews.org/posts/president-trump-job-approval-53-percent-approve-43-disapprove
2025-01-31,2025-01-29,TIPP Insights,,A,1478,46.0,41.0,5.0,,,appdontip3osw7ugm,https://tippinsights.com/the-art-of-the-comeback-tipp-poll-shows-trumps-strong-start-energizes-core-voters/
2025-02-01,2025-01-27,"Fabrizio, Lee & Associates/Impact Research",AARP,RV,3000,48.0,47.0,1.0,,,appdonfabwflof00k,https://www.aarp.org/content/dam/aarp/research/topics/voter-opinion-research/politics/federal-tax-package-legislative-priorities.doi.10.26419-2fres.00921.001.pdf
2025-02-02,2025-01-27,Pew Research Center,,A,5086,47.0,51.0,-4.0,,,appdonpeww3zovq54,https://www.pewresearch.org/politics/2025/02/07/public-anticipates-changes-with-trump-but-is-split-over-whether-they-will-be-good-or-bad/
2025-02-03,2025-01-30,Global Strategy Group,Navigator Research,RV,1000,49.0,47.0,2.0,,,appdonnavg7embih1,https://navigatorresearch.org/while-three-in-four-americans-see-trump-as-bringing-change-to-government-only-two-in-five-view-this-change-as-positive/
2025-02-03,2025-01-31,Morning Consult,,RV,2303,49.0,47.0,2.0,,,appdonmorfpgkjl6d,https://pro.morningconsult.com/trackers/donald-trump-congress-policy-republicans-polling
2025-02-03,2025-02-01,Quantus Insights,TrendingPolitics,RV,1000,51.9,45.3,6.6,REP,,appdonqua25i19d8d,https://quantusinsights.org/f/february-2025-national-political-survey-–-summary-analysis
2025-02-04,2025-02-02,YouGov,The Economist,A,1604,46.0,44.0,2.0,,,appdonyoubpmimi49,https://d3nkl3psvxxpe9.cloudfront.net/documents/econtoplines_c1AfT3R.pdf
2025-02-04,2025-02-02,YouGov,The Economist,RV,1423,48.0,47.0,1.0,,,appdonyou8mwtdp4q,https://d3nkl3psvxxpe9.cloudfront.net/documents/econTabReport_FOXP71G.pdf
2025-02-05,2025-02-04,Cygnal,,LV,1500,49.8,47.5,2.3,,,appdoncygp2bs7tf2,https://www.cygn.al/poll-trump-winning-over-black-men-dei-skeptics-and-border-hawks-as-democrats-lose-ground/
2025-02-05,2025-01-27,Marquette University Law School,,A,1063,48.0,52.0,-4.0,,,appdonmarjgm8l6w1,https://law.marquette.edu/poll/2025/02/11/detailed-results-of-the-marquette-law-school-supreme-court-poll-jan-27-feb-5-2025-national-issues/
2025-02-06,2025-01-31,Clarity Campaign Labs,,RV,1102,48.0,43.0,5.0,,,appdonclaqinjpjov,https://static1.squarespace.com/static/61ae8d5e55be5c7314b4c83a/t/67aa57a7976e415c4d212706/1739216809584/Clarity+Omnibus+Overview+-+Jan_Feb+2025.pdf
2025-02-06,2025-02-03,RMG Research,Napolitan Institute,RV,3000,51.0,45.0,6.0,,,appdonrmg6z6g1o7h,https://napolitannews.org/posts/president-trump-job-approval-51-percent-approve-45-disapprove
2025-02-07,2025-02-05,YouGov,CBS News,A,2175,53.0,47.0,6.0,,,appdonyouqdbegflc,https://www.cbsnews.com/news/trump-approval-opinion-poll-2025-2-9/
2025-02-09,2025-02-07,Morning Consult,,RV,2230,50.0,48.0,2.0,,,appdonmor3uyr6t9v,https://pro.morningconsult.com/trackers/donald-trump-congress-policy-republicans-polling
2025-02-09,2025-02-07,Trafalgar Group/InsiderAdvantage,,RV,1321,53.9,45.3,8.6,,,appdontramjlkgx99,https://www.thetrafalgargroup.org/wp-content/uploads/2025/02/National-25-Trump-Approval-Full-Report-0210.pdf
2025-02-11,2025-02-09,YouGov,The Economist,A,1595,46.0,48.0,-2.0,,,appdonyou4a3elrdb,https://d3nkl3psvxxpe9.cloudfront.net/documents/econtoplines_Z51qCJt.pdf
2025-02-11,2025-02-09,YouGov,The Economist,RV,1430,47.0,49.0,-2.0,,,appdonyou24c8av1m,https://d3nkl3psvxxpe9.cloudfront.net/documents/econTabReport_nyOrDiw.pdf
2025-02-11,2025-02-06,YouGov,Elon University,A,1000,45.0,41.0,4.0,,,appdonyouoj3ofulr,https://eloncdn.blob.core.windows.net/eu3/sites/819/2025/02/Elon-University-Poll-topline-2-25-25.pdf
2025-02-12,2025-02-10,Quantus Insights,TrendingPolitics,RV,1000,52.9,44.2,8.7,REP,,appdonqua5v7agnpp,https://quantusinsights.org/f/quantus-insights-latest-national-survey---february-13-2025
2025-02-13,2025-02-10,Echelon Insights,,LV,1010,52.0,46.0,6.0,,,appdonechq9n5k3mg,https://echeloninsights.com/in-the-news/feb-2025-verified-voter-omnibus-2-2/
2025-02-14,2025-02-10,RMG Research,Napolitan Institute,RV,3000,55.0,43.0,12.0,,,appdonrmgyes7z4hq,https://napolitannews.org/posts/president-trump-job-approval-55-percent-approve-43-disapprove
2025-02-16,2025-02-03,Gallup,,A,1004,45.0,51.0,-6.0,,,appdongaloasvulu2,https://news.gallup.com/poll/656891/trump-job-approval-rating-congress-jumps.aspx
2025-02-16,2025-02-14,Morning Consult,,RV,2217,50.0,47.0,3.0,,,appdonmork2hb4x4p,https://pro.morningconsult.com/trackers/donald-trump-congress-policy-republicans-polling
2025-02-16,2025-02-13,SurveyUSA,,A,2000,51.0,45.0,6.0,,,appdonsurffystgt9,https://www.surveyusa.com/client/PollReport.aspx?g=326a263b-3dbc-4280-9c0c-95187bdbf20c
2025-02-17,2025-02-16,Blueprint Polling,,RV,1383,47.0,48.0,-1.0,,,appdonblux74poq69,https://blueprint-research.com/polling/trump-dems-moment-3-6/
2025-02-17,2025-02-13,CNN/SSRS,,A,1206,47.0,52.0,-5.0,,,appdoncnniez4c8xg,https://s3.documentcloud.org/documents/25539589/cnn-poll-on-trumps-performance-so-far.pdf
2025-02-17,2025-02-13,CNN/SSRS,,RV,989,46.0,54.0,-8.0,,,appdoncnnihrodtnn,https://s3.documentcloud.org/documents/25539589/cnn-poll-on-trumps-performance-so-far.pdf
2025-02-17,2025-02-15,Emerson College,,RV,1000,47.8,42.2,5.6,,,appdoneme08qdup5d,https://emersoncollegepolling.com/february-2025-national-poll-trump-presidential-approval-at-48-musk-doge-job-approval-at-41/
2025-02-17,2025-02-13,Quinnipiac University,,RV,1039,45.0,49.0,-4.0,,,appdonquilzkxciu3,https://poll.qu.edu/poll-release?releaseid=3919
2025-02-17,2025-02-15,co/efficient,,LV,2063,48.0,48.0,0.0,REP,,appdonco/7opyana8,https://coefficient.org/doge-part-1/
2025-02-18,2025-02-13,Ipsos,Reuters,A,4145,44.0,51.0,-7.0,,,appdonipspqz63a7x,https://www.reuters.com/world/us/trumps-approval-rating-slips-americans-worry-about-economy-2025-02-19/
2025-02-18,2025-02-13,Ipsos,The Washington Post,A,2601,45.0,53.0,-8.0,,,appdonipsnj38ozmg,https://www.washingtonpost.com/politics/2025/02/20/trump-poll-unpopular-post-ipsos/
2025-02-18,2025-02-13,Ipsos,The Washington Post,RV,2177,48.0,51.0,-3.0,,,appdonipsgviih6ps,https://www.washingtonpost.com/politics/2025/02/20/trump-poll-unpopular-post-ipsos/
2025-02-18,2025-02-11,McLaughlin & Associates,,LV,1000,51.0,46.0,5.0,,,appdonmclljyb14ob,https://mclaughlinonline.com/pols/wp-content/uploads/2025/02/National-February-Presentation-RELEASE-02-18-25.pdf
2025-02-18,2025-02-16,YouGov,The Economist,A,1603,50.0,45.0,5.0,,,appdonyouc5pfwhvv,https://d3nkl3psvxxpe9.cloudfront.net/documents/econtoplines_KfNmvTk.pdf
2025-02-18,2025-02-16,YouGov,The Economist,RV,1451,50.0,47.0,3.0,,,appdonyous9xihvx5,https://d3nkl3psvxxpe9.cloudfront.net/documents/econTabReport_OFVhPxp.pdf
2025-02-18,2025-02-14,YouGov,,A,1135,46.0,46.0,0.0,,,appdonyou87u3y8qq,https://d3nkl3psvxxpe9.cloudfront.net/documents/News_Consumption_poll_results_An53LUg.pdf
2025-02-19,2025-02-17,OnMessage,Rescuing the American Dream,LV,1000,50.0,47.0,3.0,,,appdononmpo0gtgxw,https://onmessageinc.com/national-survey/
2025-02-20,2025-02-17,American Research Group,,A,1100,43.0,51.0,-8.0,,,appdonamesaw1wbb3,https://americanresearchgroup.com/economy/
2025-02-20,2025-02-17,American Research Group,,RV,1004,43.0,51.0,-8.0,,,appdonamecoprb2f8,https://americanresearchgroup.com/economy/
2025-02-20,2025-02-18,Echelon Insights,NetChoice,LV,1006,48.0,49.0,-1.0,,,appdonecht2udquz7,https://netchoice.org/new-poll-79-of-voters-think-us-tech-companies-are-key-to-american-global-leadership/
2025-02-20,2025-02-19,HarrisX/Harris Poll,Harvard University Center for American Political Studies,RV,2443,52.0,43.0,9.0,,,appdonharqvmy5x6q,https://harvardharrispoll.com/wp-content/uploads/2025/02/HHP_Feb2025_vFinal.pdf
2025-02-20,2025-02-18,YouGov,,A,1137,48.0,44.0,4.0,,,appdonyou1y8r86vd,https://d3nkl3psvxxpe9.cloudfront.net/documents/News_Consumption_First_Followup_poll_results.pdf
2025-02-21,2025-02-18,RMG Research,Napolitan Institute,RV,3000,53.0,44.0,9.0,,,appdonrmgfigqjksf,https://napolitannews.org/posts/president-trump-job-approval-53-percent-approve-44-disapprove
2025-02-23,2025-02-21,Ipsos,Reuters,A,1029,44.0,50.0,-6.0,,,appdonipsgkp6el1t,https://www.reuters.com/world/us/trump-approval-rating-holds-steady-44-reutersipsos-poll-finds-2025-02-25/
2025-02-24,2025-02-21,Morning Consult,,RV,2225,50.0,47.0,3.0,,,appdonmor25tcqf7d,https://pro.morningconsult.com/trackers/donald-trump-congress-policy-republicans-polling
2025-02-25,2025-02-24,J.L. Partners,DailyMail.com,RV,1001,45.0,39.0,6.0,,,appdonj.lb87kw4h1,https://jlpartners.com/doge-poll
2025-02-25,2025-02-23,YouGov,The Economist,A,1604,48.0,45.0,3.0,,,appdonyouhi4oy3fu,https://d3nkl3psvxxpe9.cloudfront.net/documents/econtoplines_7jv80Av.pdf
2025-02-25,2025-02-23,YouGov,The Economist,RV,1444,48.0,47.0,1.0,,,appdonyouar4bz7zb,https://d3nkl3psvxxpe9.cloudfront.net/documents/econTabReport_1q7T4HA.pdf
2025-02-26,2025-02-24,Marist College,NPR; PBS News,RV,1533,45.0,51.0,-6.0,,,appdonmaryu7o9pyh,https://maristpoll.marist.edu/polls/the-state-of-the-union-march-2025/
2025-02-26,2025-02-24,Marist College,NPR; PBS News,A,1694,45.0,49.0,-4.0,,,appdonmar626g6nrp,https://maristpoll.marist.edu/polls/the-state-of-the-union-march-2025/
2025-02-26,2025-02-24,Quantus Insights,TrendingPolitics,RV,1000,51.0,45.2,5.8,REP,,appdonquah1f26e6p,https://quantusinsights.org/f/national-survey-analyzing-trump%E2%80%99s-approval-and-voter-sentiment
2025-02-26,2025-02-22,The Bullfinch Group,The Independent Center,RV,1000,48.0,47.0,1.0,,,appdonthenys91zqe,https://votehub.maps.arcgis.com/sharing/rest/content/items/8d6524ee15e44a89a85383d873bae2cb/data
2025-02-27,2025-02-24,AtlasIntel,,A,2849,50.3,49.7,0.6,,,appdonatljv7z0qo1,https://www.atlasintel.org/poll/usa-national-2025-02-28
2025-02-28,2025-02-01,ActiVote,,A,1760,49.5,48.8,0.7,,,appdonactvzcwpguw,https://www.activote.net/trump-net-approval-down-to-1//
2025-02-28,2025-02-24,CNN/SSRS,,A,2212,48.0,52.0,-4.0,,,appdoncnnbjobhsx0,https://www.cnn.com/2025/03/02/politics/poll-trump-negative-congress-address
2025-02-28,2025-02-24,RMG Research,Napolitan Institute,RV,3000,53.0,45.0,8.0,,,appdonrmg8nyfor6d,https://napolitannews.org/posts/president-trump-job-approval-53-percent-approve-45-disapprove
2025-02-28,2025-02-26,TIPP Insights,Issues & Insights,A,1434,46.0,43.0,3.0,,,appdontipkp325xme,https://tippinsights.com/voters-still-view-trump-favorably-but-remain-worried-about-economy-inflation-i-i-tipp-poll/
2025-02-28,2025-02-26,YouGov,CBS News,A,2311,51.0,49.0,2.0,,,appdonyoumg3vgyx3,https://www.cbsnews.com/news/trump-elon-musk-government-workforce-cuts-opinion-poll-2025-03-02/
2025-03-01,2025-02-28,John Zogby Strategies,,V,1001,47.7,47.5,0.2,,,appdonjohb514tf2z,https://johnzogbystrategies.com/03-03-25-new-zogby-strategies-poll-on-trump-the-democrats-first-40-days/
2025-03-02,2025-02-24,Justice Research Fund,Working Families Party,RV,2049,47.0,50.0,-3.0,,,appdonjusgx5p2m85,https://drive.google.com/file/d/1psgeNBsAPSV3-diBTaAIE4_wiFjYwk5y/view
2025-03-02,2025-02-28,Morning Consult,,RV,2229,49.0,48.0,1.0,,,appdonmordzkj93zt,https://pro.morningconsult.com/trackers/donald-trump-congress-policy-republicans-polling
2025-03-02,2025-02-25,Public Opinion Strategies,Paragon Health Institute,RV,1000,51.0,49.0,2.0,,,appdonpubpapdmyd9,https://paragoninstitute.org/medicaid/paragon-health-policy-survey-2025/
2025-03-03,2025-02-28,Civiqs,Daily Kos,RV,1031,48.0,52.0,-4.0,DEM,,appdoncivvppw5nag,https://civiqs.com/reports/2025/03/04/report-americans-agree-russia-is-responsible-for-the-war
2025-03-03,2025-03-02,Emerson College,,RV,1000,48.0,43.1,4.9,,,appdonemea13eoh3g,https://emersoncollegepolling.com/march-2025-national-poll/
2025-03-04,2025-03-03,Ipsos,Reuters,A,1174,44.0,51.0,-7.0,,,appdonips4x59vt9j,https://www.ipsos.com/en-us/three-five-americans-say-cost-living-going-wrong-direction
2025-03-04,2025-03-01,YouGov,The Economist,A,1638,48.0,46.0,2.0,,,appdonyouy4rpj2zp,https://d3nkl3psvxxpe9.cloudfront.net/documents/econTabReport_uHE5Cxl.pdf
2025-03-05,2025-03-03,Cygnal,,LV,1500,47.4,50.7,-3.3,,,appdoncyg43iake42,https://www.cygn.al/wp-content/uploads/2025/03/22915-Cygnal-National-NVT-Mar25-Deck-Public.pdf
2025-03-05,2025-02-27,Morning Consult,,A,45000,48.7,44.7,4.0,,,appdonmorba2fys5h,https://pro.morningconsult.com/trackers/global-leader-approval
2025-03-06,2025-03-03,RMG Research,Napolitan Institute,RV,2000,51.0,47.0,4.0,,,appdonrmgfhmcqx1l,https://napolitannews.org/posts/president-trump-job-approval-51-percent-approve-47-disapprove
2025-03-06,2025-03-03,TIPP Insights,League of Workers,RV,1720,43.0,48.0,-5.0,REP,,appdontipm9m4lf6q,https://tippinsights.com/league-of-american-workers-poll-march-2025/
2025-03-06,2025-03-05,Trafalgar Group/InsiderAdvantage,,RV,800,49.5,45.3,4.2,,,appdontra3x94qta2,https://insideradvantage.com/insideradvantage-trafalgar-group-national-survey-trump-approval-post-zelensky-meeting-and-address-to-congress-remains-up-by-five-points/
2025-03-07,2025-03-05,J.L. Partners,,RV,1019,49.0,51.0,-2.0,,,appdonj.l60j28niu,https://www.dailymail.co.uk/news/article-14482029/Trumps-latest-approval-rating-50-days-revealed-issue-destroy-presidency.html
2025-03-07,2025-03-04,McLaughlin & Associates,America's New Majority Project,RV,2000,50.4,49.6,0.8,,,appdonmclsqef3h6k,https://americasnewmajorityproject.com/wp-content/uploads/2025/03/20250307-NationalANMP-Topline.pdf
2025-03-09,2025-03-06,CNN/SSRS,,A,1206,45.0,54.0,-9.0,,,appdoncnnikinj878,https://www.cnn.com/2025/03/12/politics/cnn-poll-trump-economy/index.html
2025-03-09,2025-03-03,Clarity Campaign Labs,,RV,1036,50.0,46.0,4.0,,,appdonclawjbflxm7,https://static1.squarespace.com/static/61ae8d5e55be5c7314b4c83a/t/67d0921f11ba8d57a17670a9/1741722147070/Clarity+Omnibus+Overview+-+March+2025+PUBLIC.pdf
2025-03-09,2025-03-07,Morning Consult,,RV,2219,49.0,49.0,0.0,,,appdonmorszzatsz4,https://pro.morningconsult.com/trackers/donald-trump-congress-policy-republicans-polling
2025-03-10,2025-03-08,Emerson College,,RV,1000,47.2,45.0,2.2,,,appdonemenwlkk9mr,https://emersoncollegepolling.com/national-poll-at-50-days-trumps-honeymoon-fades-as-economy-becomes-key-vulnerability/
2025-03-10,2025-03-06,Quinnipiac University,,RV,1198,42.0,53.0,-11.0,,,appdonquiuae30yzc,https://poll.qu.edu/poll-release?releaseid=3921
2025-03-11,2025-03-07,Hart Research Associates/Public Opinion Strategies,NBC News,RV,1000,47.0,51.0,-4.0,,,appdonharp0fc08jg,https://www.nbcnews.com/politics/politics-news/democratic-party-hits-new-polling-low-voters-want-fight-trump-harder-rcna196161
2025-03-11,2025-03-09,YouGov,The Economist,A,1699,47.0,47.0,0.0,,,appdonyou7ek9q88j,https://d3nkl3psvxxpe9.cloudfront.net/documents/econtoplines_QyOZh1i.pdf
2025-03-11,2025-03-09,YouGov,The Economist,RV,1532,48.0,49.0,-1.0,,,appdonyouc5bkej8q,https://d3nkl3psvxxpe9.cloudfront.net/documents/econTabReport_MxYv7vu.pdf
2025-03-12,2025-03-07,AtlasIntel,,A,2550,47.3,52.4,-5.1,,,appdonatlwovpvah8,https://cdn.atlasintel.org/d5fc8a18-e0eb-4a88-a65e-0fc091158682.pdf
2025-03-12,2025-03-11,Ipsos,Reuters,A,1422,44.0,52.0,-8.0,,,appdonips4e8n7hvx,https://www.reuters.com/data/trumps-approval-rating-2025-01-21/
2025-03-12,2025-03-10,Quantus Insights,,RV,1000,49.5,47.4,2.1,,,appdonquayxcipasl,https://quantusinsights.org/f/holding-the-line-trump%E2%80%99s-approval-amidst-a-divided-nation
2025-03-13,2025-03-10,Echelon Insights,,LV,1007,49.0,48.0,1.0,,,appdonechi50r61rv,https://echelonin.wpenginepowered.com/wp-content/uploads/March-2025-Voter-Omnibus-Topline-External.pdf
2025-03-13,2025-03-06,RMG Research,Napolitan Institute,RV,3000,54.0,44.0,10.0,,,appdonrmg1c8fqg98,https://napolitannews.org/posts/president-trump-job-approval-54-percent-approve-44-disapprove
2025-03-14,2025-03-13,Blueprint Polling,,RV,1400,45.0,51.0,-6.0,,,appdonblulfpxb23z,https://blueprint-research.com/polling/trump-musk-vulnerabilities-topline/
2025-03-16,2025-03-03,Gallup,,A,1002,43.0,53.0,-10.0,,,appdongalo8nckj6j,https://news.gallup.com/poll/658661/republicans-men-push-trump-approval-higher-second-term.aspx
2025-03-16,2025-03-14,Morning Consult,,RV,2210,48.0,50.0,-2.0,,,appdonmorbxdpcb5g,https://pro.morningconsult.com/trackers/donald-trump-congress-policy-republicans-polling
2025-03-17,2025-03-14,Beacon Research/Shaw & Co. Research,Fox News,RV,994,49.0,51.0,-2.0,,,appdonfoxa9dxqzph,https://www.foxnews.com/politics/fox-news-poll-trump-republicans-record-high-ratings-democrats-falter
2025-03-17,2025-03-13,Global Strategy Group,Navigator Research,RV,1375,47.0,49.0,-2.0,,,appdonglo3biss991,https://navigatorresearch.org/wp-content/uploads/2025/03/Navigator-Topline-F03.17.25.pdf
2025-03-17,2025-03-13,North Star Opinion Research,,RV,1000,46.0,51.0,-5.0,REP,,appdonnorzdg0c2qf,https://www.defendingdemocracytogether.org/app/uploads/2025/03/Elon-Musk-Poll-Toplines-Defending-Democracy-Together.pdf
2025-03-18,2025-03-15,Remington Research Group,Humanity for Freedom Foundation,LV,800,50.0,48.0,2.0,,,appdonremvmri2gys,https://static1.squarespace.com/static/63f521e25f4c105d57ebfef9/t/680a3f30288193101ceca31f/1745502003229/Taiwan+Poll+Release+v2+COMBINED+with+Poll.pdf
2025-03-18,2025-03-16,YouGov,The Economist,A,1618,45.0,50.0,-5.0,,,appdonyoubd55m4z5,https://d3nkl3psvxxpe9.cloudfront.net/documents/econTabReport_ngfganU.pdf
2025-03-18,2025-03-16,YouGov,The Economist,RV,1458,47.0,50.0,-3.0,,,appdonyoud97mwh3t,https://d3nkl3psvxxpe9.cloudfront.net/documents/econTabReport_ngfganU.pdf
2025-03-19,2025-03-12,RMG Research,Napolitan Institute,RV,3000,53.0,45.0,8.0,,,appdonrmgks7d4k58,https://napolitannews.org/posts/president-trump-job-approval-rating-53-percent-approve-45-disapprove
2025-03-20,2025-03-17,American Research Group,,RV,1011,46.0,51.0,-5.0,,,appdonamepy4cmtn8,https://americanresearchgroup.com/economy/
2025-03-20,2025-03-17,American Research Group,,A,1100,45.0,51.0,-6.0,,,appdonamekodlqcc4,https://americanresearchgroup.com/economy/
2025-03-20,2025-02-28,Public Religion Research Institute,,A,5025,43.0,54.0,-11.0,,,appdonpubjn4v61qn,https://www.prri.org/wp-content/uploads/2025/04/2025-AVA-W1-Topline-V3.pdf
2025-03-23,2025-03-17,GBAO Strategies,Third Way,RV,2000,48.0,50.0,-2.0,,,appdongba07uudf80,https://www.thirdway.org/memo/breaking-through-the-noise-on-trumps-chaotic-first-two-months
2025-03-23,2025-03-21,Ipsos,Reuters,A,1030,45.0,51.0,-6.0,,,appdonips4bwa51iw,https://www.reuters.com/world/us/majority-americans-believe-presidents-should-obey-courts-reutersipsos-poll-finds-2025-03-25/
2025-03-23,2025-03-21,Morning Consult,,RV,,47.0,51.0,-4.0,,,appdonmoritpx4jxz,https://pro.morningconsult.com/trackers/donald-trump-congress-policy-republicans-polling
2025-03-24,2025-03-20,AP-NORC,,A,1229,42.0,56.0,-14.0,,,appdonap-vz3p2zkm,https://apnorc.org/projects/trump-scores-better-marks-with-the-public-on-immigration-than-the-economy/
2025-03-24,2025-03-20,YouGov,Yahoo News,A,1677,44.0,50.0,-6.0,,,appdonyousyrlq3ft,https://www.yahoo.com/news/more-americans-say-trumps-second-term-has-been-worse-than-expected-according-to-a-new-poll-120010590.html
2025-03-25,2025-03-22,YouGov,The Economist,A,1600,48.0,46.0,2.0,,,appdonyougkrdhy3c,https://d3nkl3psvxxpe9.cloudfront.net/documents/econTabReport_o8LZals.pdf
2025-03-25,2025-03-22,YouGov,The Economist,RV,1440,48.0,50.0,-2.0,,,appdonyouyklhj5ni,https://d3nkl3psvxxpe9.cloudfront.net/documents/econTabReport_o8LZals.pdf
2025-03-26,2025-03-24,YouGov,CBS News,A,2351,50.0,50.0,0.0,,,appdonyousn8l6n2c,https://www.cbsnews.com/news/opinion-poll-trump-economy-tariffs-deportation-immigration/
2025-03-27,2025-03-26,HarrisX/Harris Poll,Harvard CAPS,RV,2746,49.0,46.0,3.0,,,appdonharb3inqda4,https://harvardharrispoll.com/key-results-march-5/
2025-03-27,2025-03-25,J.L. Partners,DailyMail.com,RV,1001,45.0,46.0,-1.0,,,appdonj.l5m6l7j7c,https://jlpartners.com/trump-tracker-march-2025
2025-03-27,2025-03-17,Marquette University Law School,,A,1021,46.2,53.8,-7.6,,,appdonmarxbjfhixc,https://www.marquette.edu/news-center/2025/marquette-law-school-national-survey-finds-public-skeptical-of-tariffs-inflation-trends-positive-on-nation-s-direction.php
2025-03-27,2025-03-17,Marquette University Law School,,RV,712,48.0,52.0,-4.0,,,appdonmarbtrmggla,https://law.marquette.edu/poll/wp-content/uploads/2025/04/MLSPSC25Toplines.html
2025-03-27,2025-03-25,Quantus Insights,,RV,1000,49.4,46.4,3.0,,,appdonquap9ocvbck,https://quantusinsights.org/f/trump%E2%80%99s-standing-steadies-but-crosscurrents-remain-ahead-of-2026
2025-03-27,2025-03-18,RMG Research,Napolitan Institute,RV,3000,52.0,45.0,7.0,,,appdonrmga97wzuii,https://napolitannews.org/posts/president-trump-job-approval-rating-52-percent-approve-45-disapprove
2025-03-28,2025-03-26,TIPP Insights,,A,1425,44.0,45.0,-1.0,,,appdontip2fqwep7k,https://tippinsights.com/alls-well-that-begins-well-tipp-poll-confirms-trumps-solid-start/
2025-03-28,2025-03-24,Targoz Market Research,Overton Insights,RV,1200,46.0,51.0,-5.0,,,appdontaroz5jh0r3,https://overtoninsights.com/poll/april2025/
2025-03-30,2025-03-28,Morning Consult,,RV,2210,47.0,50.0,-3.0,,,appdonmorbm5kdib2,https://pro.morningconsult.com/trackers/donald-trump-congress-policy-republicans-polling
2025-03-31,2025-03-01,ActiVote,,A,799,47.6,49.4,-1.8,,,appdonactp9eywhhn,https://www.activote.net/trumps-approval-underwater/
2025-04-01,2025-03-27,"Fabrizio, Lee & Associates/Impact Research",The Wall Street Journal,RV,1500,46.0,51.0,-5.0,,,appdonfab4jz3hwec,https://www.wsj.com/politics/policy/americans-were-souring-on-trumps-economic-plans-even-before-tariff-bloodbath-0571527e
2025-04-01,2025-03-31,RMG Research,Napolitan Institute,RV,2000,51.0,47.0,4.0,,,appdonrmgrgg64vwd,https://napolitannews.org/jobapproval
2025-04-01,2025-03-30,YouGov,The Economist,A,1626,46.0,49.0,-3.0,,,appdonyouy3wach8g,https://d3nkl3psvxxpe9.cloudfront.net/documents/econtoplines_S1a74K0.pdf
2025-04-01,2025-03-30,YouGov,The Economist,RV,1465,46.0,51.0,-5.0,,,appdonyouchzxq6se,https://d3nkl3psvxxpe9.cloudfront.net/documents/econtoplines_S1a74K0.pdf
2025-04-02,2025-03-31,Ipsos,,A,1486,43.0,53.0,-10.0,,,appdonips2wznxzc7,https://www.reuters.com/default/trump-approval-falls-43-lowest-since-returning-office-reutersipsos-poll-finds-2025-04-02/
2025-04-03,2025-04-01,Cygnal,,LV,1500,47.0,51.0,-4.0,,,appdoncygqjg6twdp,https://www.cygn.al/poll-democrats-continue-to-struggle-as-trump-maintains-strong-approval-even-in-light-of-tariffs/
2025-04-03,2025-04-01,J.L. Partners,DailyMail.com,RV,1019,47.0,42.0,5.0,,,appdonj.lqksnqj95,https://jlpartners.com/trump-tracker-early-april-2025
2025-04-07,2025-04-03,Global Strategy Group,Navigator Research,RV,1000,44.0,53.0,-9.0,,,appdonglo2cs7zziv,https://navigatorresearch.org/wp-content/uploads/2025/04/Navigator-Update-04.08.2025.pdf?emci=7876fdc2-1314-f011-8b3d-0022482a9fb7&emdi=41fa485e-7914-f011-8b3d-0022482a9fb7&ceid=1396968
2025-04-07,2025-04-04,HarrisX,,RV,1883,47.0,49.0,-2.0,,,appdonhar0xdytigs,https://www.harrisx.com/content/full-harrisx-overnight-poll-tariff-findings
2025-04-07,2025-04-01,Morning Consult,,A,45000,47.8,46.0,1.8,,,appdonmorexqnxjaq,https://pro.morningconsult.com/trackers/global-leader-approval
2025-04-07,2025-04-03,Quinnipiac University,,RV,1407,41.0,53.0,-12.0,,,appdonquico91ioze,https://poll.qu.edu/images/polling/us/us04092025_uodc32.pdf
2025-04-08,2025-04-05,YouGov,The Economist,RV,1563,45.0,52.0,-7.0,,,appdonyouaj3lmfkl,https://d3nkl3psvxxpe9.cloudfront.net/documents/econTabReport_pXJ0PxA.pdf#page31
2025-04-08,2025-04-05,YouGov,The Economist,A,1741,43.0,51.0,-8.0,,,appdonyou52b8fj1w,https://d3nkl3psvxxpe9.cloudfront.net/documents/econTabReport_pXJ0PxA.pdf#page31
2025-04-09,2025-04-07,Quantus Insights,TrendingPolitics,RV,1000,46.8,49.7,-2.9,REP,,appdonquacsitxemy,https://drive.google.com/file/d/1PNuKFsapva1z7Z6JFZEzHI2zAqqSxxhn/view
2025-04-09,2025-04-07,TIPP Insights,League of American Workers,RV,1570,43.4,49.6,-6.2,REP,,appdontip6l1gq870,https://tippinsights.com/league-of-american-workers-poll-april-2025/amp/
2025-04-09,2025-04-04,University of Massachusetts Department of Political Science/YouGov,WCVB-TV,A,1000,44.0,51.0,-7.0,,,appdonuni7tpz4sm5,https://www.umass.edu/political-science/about/reports/2025-4
2025-04-10,2025-04-09,HarrisX/Harris Poll,Harvard CAPS,RV,2286,48.0,46.0,2.0,,,appdonharzac4of81,https://www.realclearpolitics.com/docs/2025/HHP_APRIL_Final.pdf
2025-04-10,2025-04-02,RMG Research,Napolitan Institute,RV,3000,49.0,48.0,1.0,,,appdonrmgt4gr8x3w,https://napolitannews.org/assets/pdfs/67f918010be8b-gcm25-0409-three-poll-average-topline-trump-job-approval-and-most-important-issue.pdf
2025-04-10,2025-04-07,YouGov,,A,1151,41.0,54.0,-13.0,,,appdonyouiy2gr1ux,https://d3nkl3psvxxpe9.cloudfront.net/documents/Trump_s_Presidency_poll_results.pdf
2025-04-11,2025-04-08,YouGov,CBS News,A,2410,47.0,53.0,-6.0,,,appdonyou3w6mgynh,https://www.scribd.com/document/849415888/cbsnews-20250413-SUN#from_embed
2025-04-12,2025-04-10,RealClear Opinion Research,,RV,1000,44.0,44.0,0.0,,,appdonreaggcfqrc2,https://www.realclearpolitics.com/articles/2025/04/18/rcp_poll_voters_see_campus_bias_reject_trumps_tariff_pitch_152678.html
2025-04-13,2025-04-10,Grayhouse,,RV,1100,46.0,52.0,-6.0,REP,,appdongraba90999d,https://cdn.prod.website-files.com/5d02aaade6188137a65c8441/680be58cd7c3cb3acca58356_National%20Poll%20Results%20April%202025%20v2.pdf
2025-04-13,2025-04-09,Hart Research Associates/Public Opinion Strategies,CNBC,A,1000,44.0,51.0,-7.0,,,appdonhar12g6k1eo,https://www.cnbc.com/video/2025/04/17/tariffs-weight-on-trump-approval-cnbc-survey-finds.html
2025-04-13,2025-04-11,Morning Consult,,RV,2203,45.0,52.0,-7.0,,,appdonmorrtead80q,https://pro.morningconsult.com/trackers/donald-trump-congress-policy-republicans-polling
2025-04-13,2025-04-07,Pew Research Center,,A,3589,40.0,59.0,-19.0,,,appdonpewcgbvmek4,https://www.pewresearch.org/politics/2025/04/23/trumps-job-rating-drops-key-policies-draw-majority-disapproval-as-he-nears-100-days/
2025-04-14,2025-04-10,AtlasIntel,,A,2347,46.1,52.4,-6.3,,,appdonatlxumvfmkf,https://cdn.atlasintel.org/e3edc86b-aac7-4ebe-9ef7-6a8346f658f6.pdf?_gl=1*1po007n*_ga*NjMxOTI2NjYxLjE3NDQ5Mjc1MzM.*_ga_W78QD5CNP1*MTc0NDkyNzUzMy4xLjAuMTc0NDkyNzUzMy4wLjAuMA
2025-04-14,2025-04-09,Clarity Campaign Labs,,RV,1008,46.0,49.0,-3.0,,,appdoncla7dt9zc7v,https://45840940.fs1.hubspotusercontent-na1.net/hubfs/45840940/Clarity%20Omnibus%20Overview_April%202025.pdf
2025-04-14,2025-04-10,Echelon Insights,,LV,1014,47.0,51.0,-4.0,,,appdonechva4lrap5,https://echelonin.wpenginepowered.com/wp-content/uploads/April-2025-Voter-Omnibus-Topline-External.pdf
2025-04-14,2025-04-01,Gallup,,A,1006,44.0,53.0,-9.0,,,appdongalqnio4njt,https://news.gallup.com/poll/659534/trump-first-quarter-approval-rating-below-average.aspx
2025-04-14,2025-04-10,J.L. Partners,DailyMail.com,RV,1002,48.0,42.0,6.0,,,appdonj.l00i6rv6g,https://www.dailymail.co.uk/news/article-14610691/donald-trump-approval-rating-tariffs.html
2025-04-15,2025-04-13,YouGov,The Economist,A,1512,42.0,52.0,-10.0,,,appdonyouzvo8zt3y,https://d3nkl3psvxxpe9.cloudfront.net/documents/econtoplines_vK1VgIr.pdf
2025-04-15,2025-04-13,YouGov,The Economist,RV,1329,45.0,53.0,-8.0,,,appdonyoujwat1ezq,https://d3nkl3psvxxpe9.cloudfront.net/documents/econtoplines_vK1VgIr.pdf
2025-04-16,2025-04-09,RMG Research,Napolitan Institute,RV,3000,48.0,51.0,-3.0,,,appdonrmgr48niqgt,https://napolitannews.org/posts/just-9-percent-trust-america039-s-political-leaders-more-than-the-people
2025-04-17,2025-04-10,Elon University/YouGov,,A,1000,41.0,47.0,-6.0,,,appdonelol25didc1,https://eloncdn.blob.core.windows.net/eu3/sites/819/2025/04/Elon-Poll-topline-JUDICIAL-SYSTEM-4-24-25.pdf
2025-04-18,2025-04-18,Civiqs,Daily Kos,RV,1124,46.0,53.0,-7.0,DEM,,appdonciv04z777po,https://civiqs.com/reports/2025/04/17/report-americans-say-trumps-tariffs-will-raise-prices
2025-04-18,2025-04-15,Noble Predictive Insights,The Center Square,RV,2527,44.0,53.0,-9.0,,,appdonnobpl3u71ox,"https://www.editorandpublisher.com/stories/the-center-square-voters-voice-poll-weighs-voter-sentiment,255438"
2025-04-19,2025-04-16,McLaughlin & Associates,America's New Majority Project,LV,1638,49.1,50.8,-1.7,REP,,appdonmclr0cd8zyg,https://americasnewmajorityproject.com/wp-content/uploads/2025/04/20250419-NationalANMP-Tabs.pdf
2025-04-19,2025-04-16,McLaughlin & Associates,America's New Majority Project,RV,2000,47.6,52.4,-4.8,REP,,appdonmclefj8e5ha,https://americasnewmajorityproject.com/wp-content/uploads/2025/04/20250419-NationalANMP-Tabs.pdf
2025-04-20,2025-04-17,American Research Group,,A,1100,43.0,53.0,-10.0,,,appdonamee3miv3rz,https://americanresearchgroup.com/economy/
2025-04-20,2025-04-17,American Research Group,,RV,1010,43.0,53.0,-10.0,,,appdonamewihqiysp,https://americanresearchgroup.com/economy/
2025-04-20,2025-04-18,Morning Consult,,RV,2207,46.0,52.0,-6.0,,,appdonmori6wk0ntp,https://pro.morningconsult.com/trackers/donald-trump-congress-policy-republicans-polling
2025-04-20,2025-04-11,SurveyMonkey,NBC News,A,19682,45.0,55.0,-10.0,,,appdonsurhawqippa,https://www.documentcloud.org/documents/25919931-nbc-news-stay-tuned-poll-april-27/
2025-04-21,2025-04-17,AP-NORC,,A,1260,39.0,59.0,-20.0,,,appdonap-s3915mpe,https://apnorc.org/wp-content/uploads/2025/04/April-2025-100-days-topline.pdf
2025-04-21,2025-04-18,Beacon Research/Shaw & Co. Research,Fox News,RV,1104,44.0,55.0,-11.0,,,appdonbeachlvs6me,https://static.foxnews.com/foxnews.com/content/uploads/2025/04/fox_april-18-21-2025_national_topline_april-23-release.pdf
2025-04-21,2025-04-16,Ipsos,Reuters,A,4306,42.0,53.0,-11.0,,,appipsf134z6vn,https://www.reuters.com/world/us/trump-approval-rating-dips-many-wary-his-wielding-power-reutersipsos-poll-finds-2025-04-21/
2025-04-22,2025-04-19,YouGov,The Economist,RV,1446,44.0,53.0,-9.0,,,appdonyouynqf1jzu,https://d3nkl3psvxxpe9.cloudfront.net/documents/econTabReport_iR37dyy.pdf#page=33
2025-04-22,2025-04-19,YouGov,The Economist,A,1625,41.0,54.0,-13.0,,,appdonyouc1zp6d15,https://d3nkl3psvxxpe9.cloudfront.net/documents/econTabReport_iR37dyy.pdf#page=33
2025-04-23,2025-04-22,John Zogby Strategies,,RV,1000,48.0,50.0,-2.0,,,appdonjohoxc1xu0k,https://johnzogbystrategies.com/real-time-analysis-of-trumps-dropping-numbers-among-bellwether-groups/
2025-04-23,2025-04-21,Marist College,NPR; PBS News,A,,42.0,53.0,-11.0,,,appdonmar8izt2bkj,https://x.com/NewsHour/status/1916977988844876122
2025-04-23,2025-04-21,Quantus Insights,,RV,1000,47.7,49.8,-2.1,,,appdonquani7ygney,https://drive.google.com/file/d/1puOSl-RpML6LYqB6Zya1zULHVvW4u5Ps/view
2025-04-23,2025-04-21,YouGov,The Times of London,A,1296,42.0,53.0,-11.0,,,appdonyoud3nwcis6,https://d3nkl3psvxxpe9.cloudfront.net/documents/times_20250425.pdf
2025-04-23,2025-04-21,YouGov,The Times of London,RV,949,44.0,52.0,-8.0,,,appdonyoudu5x78j6,https://d3nkl3psvxxpe9.cloudfront.net/documents/times_20250425.pdf
2025-04-24,2025-04-17,CNN/SSRS,,RV,1476,43.0,57.0,-14.0,,,appdoncnnoyofxxgs,https://www.cnn.com/.element/interactive/2025/04/REL5a-Trump-at-100days.pdf
2025-04-24,2025-04-17,CNN/SSRS,,A,1678,41.0,59.0,-18.0,,,appdoncnni0prmalq,https://www.cnn.com/.element/interactive/2025/04/REL5a-Trump-at-100days.pdf
2025-04-24,2025-04-16,RMG Research,Napolitan Institute,RV,3000,49.0,48.0,1.0,,,appdonrmg4d6nyakx,https://napolitannews.org/jobapproval
2025-04-24,2025-04-18,The Bullfinch Group,,A,1200,46.0,51.0,-5.0,,,appdontheo0899bsm,https://www.thebullfinchgroup.com/post/public-release-of-bullfinch-nationwide-100-day-review-survey
2025-04-24,2025-04-18,The Bullfinch Group,,RV,1000,46.0,51.0,-5.0,,,appdonthehpik8t6n,https://www.thebullfinchgroup.com/post/public-release-of-bullfinch-nationwide-100-day-review-survey
2025-04-24,2025-04-21,The New York Times/Siena College,,RV,913,42.0,54.0,-12.0,,,appdonthejcy2ah7m,https://www.nytimes.com/interactive/2025/04/25/us/elections/times-siena-poll-crosstabs.html
2025-04-25,2025-04-18,Ipsos,The Washington Post; ABC News,RV,1992,42.0,55.0,-13.0,,,appdonipsdrwvwdie,https://docs.google.com/spreadsheets/d/1behUPOujHZSkw37RTdnt_2pCJESMDrglY_uYUeoWdvg/edit?gid=0#gid=0
2025-04-25,2025-04-18,Ipsos,The Washington Post; ABC News,A,2464,39.0,55.0,-16.0,,,appdonipsq0cluoyi,https://docs.google.com/spreadsheets/d/1behUPOujHZSkw37RTdnt_2pCJESMDrglY_uYUeoWdvg/edit?gid=0#gid=0
2025-04-25,2025-04-23,YouGov,CBS News,A,2356,45.0,55.0,-10.0,,,appdonyouayuep9x2,https://www.cbsnews.com/news/cbs-news-poll-trump-100-days-tariffs/
2025-04-27,2025-04-25,Ipsos,Reuters,A,1029,42.0,53.0,-11.0,,,appdonipsm5a21twp,https://www.reuters.com/data/trumps-approval-rating-2025-01-21/
2025-04-27,2025-04-25,Morning Consult,,RV,2224,45.0,53.0,-8.0,,,appdonmorllkr3694,https://pro.morningconsult.com/trackers/donald-trump-congress-policy-republicans-polling
2025-04-27,2025-04-23,TrueDot.ai,NewsNation; Decision Desk HQ,RV,1448,44.0,56.0,-12.0,,,appdontru62fqusoo,https://data.ddhq.io/polls/2025/04/30/Decision%20Desk%20HQ/NewsNation-National-2025-04-23-2025-04-27
2025-04-28,2025-04-25,Emerson College,,RV,1000,45.0,45.0,0.0,,,appdoneme89qv2um5,https://emersoncollegepolling.com/trump-100-days/
2025-04-28,2025-04-24,Global Strategy Group,Navigator Research,RV,1000,44.0,54.0,-10.0,,,appdonglowt95rhtz,https://navigatorresearch.org/anxious-discouraged-exhausted-the-first-100-days/
2025-04-28,2025-04-23,J.L. Partners,DailyMail.com,RV,1006,45.0,55.0,-10.0,,,appdonj.l3s0g4erq,https://www.dailymail.co.uk/news/article-14657347/Donald-Trump-approval-rating-100-days-tariffs-poll.html
2025-04-28,2025-04-25,YouGov,The Economist,A,1785,42.0,52.0,-10.0,,,appdonyou946te8s9,https://d3nkl3psvxxpe9.cloudfront.net/documents/econTabReport_fmq348X.pdf
2025-04-28,2025-04-25,YouGov,The Economist,RV,1626,43.0,54.0,-11.0,,,appdonyou43kchtfi,https://d3nkl3psvxxpe9.cloudfront.net/documents/econTabReport_fmq348X.pdf
2025-04-28,2025-04-25,YouGov,Yahoo News,A,1597,42.0,53.0,-11.0,,,appdonyou6mm905mr,https://www.scribd.com/document/855435184/20250428-combined-trump100
2025-04-28,2025-04-25,YouGov,Yahoo News,RV,1071,45.0,53.0,-8.0,,,appdonyouszy1bv4l,https://www.scribd.com/document/855435184/20250428-combined-trump100
2025-04-30,2025-04-01,ActiVote,,A,576,45.0,51.1,-6.1,,,appdonactq8nnhd15,https://www.activote.net/trumps-net-approval-at-6/
2025-05-01,2025-04-23,RMG Research,Napolitan Institute,RV,3000,49.0,48.0,1.0,,,appdonrmg9co71n0v,https://napolitannews.org/jobapproval
2025-05-01,2025-04-30,Trafalgar Group/InsiderAdvantage,,LV,1200,45.8,43.8,2.0,REP,,appdontraj8dzt51f,https://insideradvantage.com/top-line-tab-for-insideradvantage-trafalgar-presidential-job-performance-survey/?utm_source=rss&utm_medium=rss&utm_campaign=top-line-tab-for-insideradvantage-trafalgar-presidential-job-performance-survey
2025-05-02,2025-04-30,TIPP Insights,Issues & Insights,A,1400,42.0,47.0,-5.0,,,appdontippl2aocvb,https://tippinsights.com/trump-rides-high-with-most-voters-but-democrats-remain-negative-i-i-tipp-poll/
2025-05-04,2025-05-02,Morning Consult,,RV,2263,46.0,52.0,-6.0,,,appdonmorlh5jyzf6,https://pro.morningconsult.com/trackers/donald-trump-congress-policy-republicans-polling
2025-05-05,2025-05-01,AP-NORC,,A,1175,41.0,57.0,-16.0,,,appdonap-2tv9a90g,https://apnorc.org/wp-content/uploads/2025/05/may-2025-Higher-Ed-topline.pdf
2025-05-05,2025-05-03,Big Data Poll,Public Polling Project,RV,3128,48.0,47.4,0.6,,,appdonbigtju9aypc,https://application.marketsight.com/app/ItemView.aspx?SharedFor=public%40bigdatapoll.com&SharedBy=34090&id=ed392432-25f1-4ed1-b675-b2d40178ef48
2025-05-05,2025-05-02,YouGov,The Economist,RV,1693,44.0,52.0,-8.0,,,appdonyouunq1jvuk,https://d3nkl3psvxxpe9.cloudfront.net/documents/econTabReport_wZDAeTq.pdf
2025-05-05,2025-05-02,YouGov,The Economist,A,1850,42.0,52.0,-10.0,,,appdonyoumno8rhwl,https://d3nkl3psvxxpe9.cloudfront.net/documents/econTabReport_wZDAeTq.pdf
2025-05-06,2025-05-01,Verasight,Strength in Numbers,A,1000,40.0,56.0,-16.0,,,appdonverhtmq0pd4,https://www.gelliottmorris.com/p/new-poll-americans-oppose-trumps
2025-05-07,2025-05-05,Quantus Insights,TrendingPolitics,RV,1000,48.2,48.3,-0.1,REP,,appdonquau68skcgz,https://drive.google.com/file/d/1LYTAPAsIBBz_BShqyN4ZeZsQkDlLzbZM/view
2025-05-08,2025-05-02,Morning Consult,,RV,45000,46.2,48.0,-1.8,,,appdonmorf3po54p8,https://pro.morningconsult.com/trackers/global-leader-approval
2025-05-08,2025-04-30,RMG Research,Napolitan Institute,RV,3000,49.0,49.0,0.0,,,appdonrmgvizxz5k0,https://napolitannews.org/jobapproval
2025-05-08,2025-05-06,YouGov,,A,1143,41.5,50.0,-8.5,,,appdonyou3msuxgj6,https://yougovamerica.substack.com/p/your-polls-on-protestants-pets-and
2025-05-09,2025-05-07,co/efficient,,LV,1462,49.0,51.0,-2.0,REP,,appdonco/0k5ldc6e,https://coefficient.org/national-approval-study/
2025-05-11,2025-05-09,Morning Consult,,RV,2221,46.0,52.0,-6.0,,,appdonmorkgkb4c0t,https://pro.morningconsult.com/trackers/donald-trump-congress-policy-republicans-polling
2025-05-12,2025-05-08,Echelon Insights,,LV,1000,46.0,52.0,-6.0,,,appdonechivwmyz17,https://echeloninsights.com/in-the-news/may-2025-verified-voter-omnibus-2-2-2-2-2/
2025-05-12,2025-05-09,YouGov,The Economist,A,1786,43.0,52.0,-9.0,,,appdonyouif3pfa1v,https://d3nkl3psvxxpe9.cloudfront.net/documents/econTabReport_tDmEBHo.pdf
2025-05-12,2025-05-09,YouGov,The Economist,RV,1610,45.0,52.0,-7.0,,,appdonyouj2lgj4d8,https://d3nkl3psvxxpe9.cloudfront.net/documents/econTabReport_tDmEBHo.pdf
2025-05-13,2025-05-12,Ipsos,Reuters,A,1163,44.0,52.0,-8.0,,,appdonipsryk8qom8,https://www.reuters.com/world/us/trumps-approval-rating-rises-44-americans-worry-less-about-recession-2025-05-13/
2025-05-13,2025-05-09,The Bullfinch Group,,A,1200,45.0,50.0,-5.0,,,appdonthedpytlfhu,https://www.thebullfinchgroup.com/post/public-release-of-bullfinch-q2-nationwide-survey-3
2025-05-13,2025-05-09,The Bullfinch Group,,RV,1000,45.0,51.0,-6.0,,,appdonthe1kvjkrom,https://www.thebullfinchgroup.com/post/public-release-of-bullfinch-q2-nationwide-survey-3
2025-05-15,2025-05-14,HarrisX/Harris Poll,Harvard CAPS,RV,1903,47.0,48.0,-1.0,,,appdonharimr3td67,https://harvardharrispoll.com/wp-content/uploads/2025/05/HHP_May2025_Crosstabs.pdf
2025-05-15,2025-05-05,Marquette University Law School,,RV,707,46.0,54.0,-8.0,,,appdonmarlxifhs54,https://law.marquette.edu/poll/wp-content/uploads/2025/05/MLSPSC26Crosstabs_NationalIssues.html
2025-05-15,2025-05-05,Marquette University Law School,,A,1004,46.0,50.0,-4.0,,,appdonmarwsblbstj,https://law.marquette.edu/poll/wp-content/uploads/2025/05/MLSPSC26Crosstabs_NationalIssues.html
2025-05-15,2025-05-07,RMG Research,Napolitan Institute,RV,3000,52.0,48.0,4.0,,,appdonrmg79okexee,https://napolitannews.org/jobapproval
2025-05-18,2025-05-01,Gallup,,A,1003,43.0,53.0,-10.0,,,appdongalxt81yt7w,https://news.gallup.com/poll/690986/political-economic-indicators-steady-may.aspx
2025-05-18,2025-05-15,Global Strategy Group,Navigator Research,RV,1000,44.0,54.0,-10.0,,,appdonglo5i58exv4,https://navigatorresearch.org/wp-content/uploads/2025/05/Navigator-Update-Topline-F05.19.25-1.pdf
2025-05-18,2025-05-17,InsiderAdvantage,,LV,1000,55.0,44.0,11.0,,,appdonins8fj18bgq,https://insideradvantage.com/insideradvantage-national-survey-trump-approval-surges-to-fifty-five-percent-following-middle-east-trip/
2025-05-18,2025-05-16,Ipsos,Reuters,A,1024,42.0,52.0,-10.0,,,appdonips2jwkieut,https://www.reuters.com/world/us/trumps-approval-rating-ticks-lower-economic-concerns-weigh-reutersipsos-poll-2025-05-20/
2025-05-19,2025-05-15,Fabrizio Ward,Pinpoint Policy Institute,RV,800,46.0,49.0,-3.0,,,appdonfabqdbn3b0e,https://pinpointpolicyinstitute.org/wp-content/uploads/2025/06/National-Spring-Quarterly-Tracking-Memo-6-2-25-1.pdf
2025-05-19,2025-05-16,Morning Consult,,RV,2208,48.0,50.0,-2.0,,,appdonmorijmdc9e0,https://pro.morningconsult.com/trackers/donald-trump-congress-policy-republicans-polling
2025-05-19,2025-05-16,YouGov,The Economist,RV,1558,45.0,52.0,-7.0,,,appdonyou4p3z2q89,https://d3nkl3psvxxpe9.cloudfront.net/documents/econTabReport_wObz24u.pdf
2025-05-19,2025-05-16,YouGov,The Economist,A,1710,43.0,51.0,-8.0,,,appdonyouxkwoz6jd,https://d3nkl3psvxxpe9.cloudfront.net/documents/econTabReport_wObz24u.pdf
2025-05-20,2025-05-17,American Research Group,,RV,1008,42.0,55.0,-13.0,,,appdonamebgztpqd4,https://americanresearchgroup.com/economy/
2025-05-20,2025-05-17,American Research Group,,A,1100,41.0,55.0,-14.0,,,appdonamez6hee8fy,https://americanresearchgroup.com/economy/
2025-05-20,2025-05-17,Civiqs,Daily Kos,RV,1018,47.0,52.0,-5.0,DEM,,appdoncivpbw3qx5w,https://civiqs.com/documents/Civiqs_DailyKos_banner_book_2025_05_x3b1sp.pdf
2025-05-20,2025-05-18,Quantus Insights,TrendingPolitics,RV,1000,48.3,47.8,0.5,REP,,appdonquagumh6so6,https://quantusinsights.org/f/latest-quantus-insights-pollno-mandate-but-momentum
2025-05-21,2025-05-14,RMG Research,Napolitan Institute,RV,3000,48.0,50.0,-2.0,,,appdonrmge4og82xo,https://napolitannews.org/jobapproval
2025-05-25,2025-05-23,Morning Consult,,RV,2208,48.0,50.0,-2.0,,,appdonmor4msd3dai,https://pro.morningconsult.com/trackers/donald-trump-congress-policy-republicans-polling
2025-05-26,2025-05-23,YouGov,The Economist,A,1660,44.0,52.0,-8.0,,,appdonyouhvzvb4d6,https://d3nkl3psvxxpe9.cloudfront.net/documents/econTabReport_WokQXF7.pdf
2025-05-26,2025-05-23,YouGov,The Economist,RV,1486,46.0,52.0,-6.0,,,appdonyoucb8fktkz,https://d3nkl3psvxxpe9.cloudfront.net/documents/econTabReport_WokQXF7.pdf
2025-05-27,2025-05-21,AtlasIntel,,RV,3469,44.5,54.5,-10.0,,,appdonatly8q0ns5i,https://atlasintel.org/poll/usa-national-2025-05-30
2025-05-27,2025-05-22,YouGov,Yahoo News,RV,1052,45.0,53.0,-8.0,,,appdonyouj9w0f3pv,https://www.scribd.com/document/869058774/Yahoo-News-YouGov-Corruption-Poll-May-2025
2025-05-27,2025-05-22,YouGov,Yahoo News,A,1560,41.0,54.0,-13.0,,,appdonyoue62m7g5s,https://www.scribd.com/document/869058774/Yahoo-News-YouGov-Corruption-Poll-May-2025
2025-05-29,2025-05-28,John Zogby Strategies,,LV,1000,48.2,49.0,-0.8,,,appdonjohl23stxlx,http://johnzogbystrategies.com/wp-content/uploads/2025/06/Job-Approval-052825.pdf
2025-05-29,2025-05-20,RMG Research,Napolitan Institute,RV,3000,49.0,50.0,-1.0,,,appdonrmgcxjpltyh,https://napolitannews.org/jobapproval
2025-05-30,2025-05-28,TIPP Insights,Issues & Insights,A,1395,43.0,45.0,-2.0,,,appdontipon9zvq2t,https://issuesinsights.com/2025/06/02/trumps-ratings-edge-higher-as-good-news-eclipses-negative-media-coverage-ibd-tipp-poll/
2025-05-31,2025-05-01,ActiVote,,A,488,46.3,50.2,-3.9,,,appdonact1lfqx352,https://www.activote.net/trumps-approval-on-the-rise/
2025-06-01,2025-05-30,Trafalgar Group/InsiderAdvantage,,LV,1098,53.7,45.6,8.1,REP,,appdontra1jjx39j7,https://www.thetrafalgargroup.org/wp-content/uploads/2025/06/Trump-Approval-Report-060225.pdf
2025-06-02,2025-05-29,Grayhouse,America One Policies,RV,2000,48.0,49.0,-1.0,REP,,appdongra71deba55,https://cdn.prod.website-files.com/5d02aaade6188137a65c8441/68497a1576e3c04cb20aaf19_Reconciliation%20Polling%20Survey.pdf
2025-06-02,2025-05-30,Morning Consult,,RV,2205,46.0,51.0,-5.0,,,appdonmoriaboe6gf,https://pro.morningconsult.com/trackers/donald-trump-congress-policy-republicans-polling
2025-06-02,2025-05-30,YouGov,The Economist,A,1610,45.0,49.0,-4.0,,,appdonyoukskqplao,https://d3nkl3psvxxpe9.cloudfront.net/documents/econTabReport_MV984ah.pdf
2025-06-02,2025-05-30,YouGov,The Economist,RV,1436,46.0,51.0,-5.0,,,appdonyouseh5b0y0,https://d3nkl3psvxxpe9.cloudfront.net/documents/econTabReport_MV984ah.pdf
2025-06-03,2025-05-27,RMG Research,Napolitan Institute,RV,3000,51.0,46.0,5.0,,,appdonrmgbkfj59fr,https://napolitannews.org/jobapproval
2025-06-04,2025-06-01,Quantus Insights,TrendingPolitics,RV,1000,48.8,48.2,0.6,REP,,appdonqual57ubb1k,https://drive.google.com/file/d/1SFF1dEYQckjhF-RcJscsORgjYaM1hkOT/view
2025-06-06,2025-06-06,J.L. Partners,DailyMail.com,RV,1006,47.0,53.0,-6.0,,,appdonj.l29ex8yfk,https://www.dailymail.co.uk/news/article-14794205/donald-trump-elon-musk-approval-poll.html#
2025-06-06,2025-06-04,YouGov,CBS News,A,2428,45.0,55.0,-10.0,,,appdonyoufmr7uy2s,https://www.scribd.com/document/873291424/cbsnews-20250608-SUN
2025-06-08,2025-06-06,Morning Consult,,RV,1867,47.0,51.0,-4.0,,,appdonmor158350wy,https://pro.morningconsult.com/trackers/donald-trump-congress-policy-republicans-polling
2025-06-08,2025-06-02,Pew Research Center,,A,5044,41.0,58.0,-17.0,,,appdonpewhiop980j,https://www.pewresearch.org/wp-content/uploads/sites/20/2025/06/PP_2025-6-17_trump-immigration_topline.pdf
2025-06-09,2025-06-05,AP-NORC,,A,1158,39.0,60.0,-21.0,,,appdonap-qhurtk0f,https://apnorc.org/wp-content/uploads/2025/06/June-Topline-Parade.pdf
2025-06-09,2025-06-05,Global Strategy Group,Navigator Research,RV,1000,42.0,55.0,-13.0,,,appdonglothgrhiw9,https://navigatorresearch.org/wp-content/uploads/2025/06/Navigator-June-1-Topline-F06.09.26.pdf
2025-06-09,2025-06-03,Morning Consult,,RV,45000,46.2,48.0,-1.8,,,appdonmorppewnk2g,https://pro.morningconsult.com/trackers/global-leader-approval
2025-06-09,2025-06-05,Quinnipiac University,,RV,1265,38.0,54.0,-16.0,,,appdonquil44ih9kp,https://poll.qu.edu/images/polling/us/us06112025_usfa29.pdf
2025-06-09,2025-06-06,YouGov,The Economist,RV,1397,45.0,53.0,-8.0,,,appdonyoujy2drods,https://d3nkl3psvxxpe9.cloudfront.net/documents/econTabReport_B2kkifF.pdf
2025-06-09,2025-06-06,YouGov,The Economist,A,1533,43.0,52.0,-9.0,,,appdonyouivwpbm5e,https://d3nkl3psvxxpe9.cloudfront.net/documents/econTabReport_B2kkifF.pdf
2025-06-10,2025-05-30,SurveyMonkey,NBC News,A,19410,45.0,55.0,-10.0,,,appdonsurdltxnskt,https://www.nbcnews.com/politics/trump-administration/poll-americans-disapprove-spending-public-funds-put-military-parade-wa-rcna212779
2025-06-11,2025-06-09,Quantus Insights,TrendingPolitics,RV,1000,47.5,49.1,-1.6,REP,,appdonqualoalbhd4,https://drive.google.com/file/d/1AQ_6yT9lTlj7wLGm38j8x0vtSMtPNMcK/view
2025-06-11,2025-06-09,TIPP Insights,League of American Workers,RV,1584,43.0,50.0,-7.0,REP,,appdontipsfbmd7xr,https://tippinsights.com/league-of-american-workers-poll-june-2025/
2025-06-12,2025-06-11,HarrisX/Harris Poll,Harvard CAPS,RV,2097,46.0,50.0,-4.0,,,appdonharvpg3wwj0,https://harvardharrispoll.com/wp-content/uploads/2025/06/HHP_June2025_KeyResults.pdf
2025-06-12,2025-06-02,RMG Research,Napolitan Institute,RV,3000,52.0,46.0,6.0,,,appdonrmg1gkc0w2u,https://napolitannews.org/jobapproval
2025-06-12,2025-06-06,Verasight,Strength in Numbers,A,1500,42.0,56.0,-14.0,,,appdonverumlqw331,https://www.gelliottmorris.com/p/trump-approval-at-42-democrats-up
2025-06-14,2025-06-05,Clarity Campaign Labs,,RV,1000,47.0,50.0,-3.0,,,appdonclai9q6qd6u,https://static1.squarespace.com/static/61ae8d5e55be5c7314b4c83a/t/6852fc5a3ac4c05449fc450e/1750269023826/Clarity+Omnibus+Overview+-+June+2025+%5BPUBLIC%5D.pdf
2025-06-15,2025-06-13,Morning Consult,,RV,2207,46.0,52.0,-6.0,,,appdonmor35xtvol3,https://pro.morningconsult.com/trackers/donald-trump-congress-policy-republicans-polling
2025-06-16,2025-06-13,Beacon Research/Shaw & Co. Research,Fox News,RV,1003,46.0,54.0,-8.0,,,appdonbea8ror7jvg,https://static.foxnews.com/foxnews.com/content/uploads/2025/06/fox_june-13-16-2025_national_topline_june-18-release.pdf https://static.foxnews.com/foxnews.com/content/uploads/2025/06/fox_june-13-16-2025_national_topline_june-18-release.pdf
2025-06-16,2025-06-15,InsiderAdvantage,,LV,1000,54.4,44.1,10.3,,,appdoninsj2n6ls32,https://insideradvantage.com/insideradvantage-national-survey-of-trump-job-performance-approve-54-disapprove-44-undecided-2/
2025-06-16,2025-06-11,Ipsos,Reuters,A,4258,42.0,54.0,-12.0,,,appdonips977eksnl,https://www.reuters.com/world/us/trump-approval-steady-42-support-weakens-his-immigration-policy-reutersipsos-2025-06-16/
2025-06-16,2025-06-13,YouGov,The Economist,RV,1351,44.0,53.0,-9.0,,,appdonyou0yap5exi,https://d3nkl3psvxxpe9.cloudfront.net/documents/econTabReport_CyorzxR.pdf
2025-06-16,2025-06-13,YouGov,The Economist,A,1512,41.0,54.0,-13.0,,,appdonyou9dwyafkf,https://d3nkl3psvxxpe9.cloudfront.net/documents/econTabReport_CyorzxR.pdf
2025-06-17,2025-06-12,Echelon Insights,,LV,982,45.0,53.0,-8.0,,,appdonechh6801evv,https://echelonin.wpenginepowered.com/wp-content/uploads/June-2025-Voter-Omnibus-Topline-EXTERNAL.pdf
2025-06-18,2025-06-17,Echelon Insights,,LV,1002,48.0,52.0,-4.0,,,appdonechrerkqja2,https://echelonin.wpenginepowered.com/wp-content/uploads/June-2025-Middle-East-Update.pdf
2025-06-19,2025-06-02,Gallup,,A,1000,40.0,57.0,-17.0,,,appdongalgxdvuodf,https://news.gallup.com/poll/692045/economic-confidence-slightly-improved-negative.aspx
2025-06-19,2025-06-11,RMG Research,Napolitan Institute,RV,3000,53.0,46.0,7.0,,,appdonrmgvrb5dxxl,https://napolitannews.org/assets/pdfs/68557ae148a4c-gcm25-0618-toplines-trump-job-approval-and-most-important-issues.pdf
2025-06-20,2025-06-17,American Research Group,,A,1100,41.0,55.0,-14.0,,,appdonamecz7mcard,https://americanresearchgroup.com/economy/
2025-06-20,2025-06-17,American Research Group,,RV,1009,38.0,59.0,-21.0,,,appdonameq8dv5g1n,https://americanresearchgroup.com/economy/
2025-06-20,2025-06-17,The Bullfinch Group,Exiled Policy,A,1223,41.0,54.0,-13.0,,,appdonthevtinhb7z,https://www.exiledpolicy.com/p/poll-voters-disapprove-of-congress
2025-06-20,2025-06-17,The Bullfinch Group,Exiled Policy,RV,1006,43.0,54.0,-11.0,,,appdontheo9efxlj2,https://www.exiledpolicy.com/p/poll-voters-disapprove-of-congress
2025-06-20,2025-06-18,Trafalgar Group,,LV,1085,54.4,44.5,9.9,,,appdontrarop1gmwj,https://www.thetrafalgargroup.org/wp-content/uploads/2025/06/Trump-Approval-Report-062125.pdf
2025-06-22,2025-06-20,Ipsos,Reuters,A,1144,41.0,54.0,-13.0,,,appdonipszerpbj67,https://www.ipsos.com/sites/default/files/Reuters%20Ipsos%20Core%20Political%20Presidential%20Approval%20Tracker%2006%2025%202025.pdf
2025-06-22,2025-06-20,Morning Consult,,RV,2205,45.0,53.0,-8.0,,,appdonmoro0fd3m05,https://pro.morningconsult.com/trackers/donald-trump-congress-policy-republicans-polling
2025-06-23,2025-06-21,Ipsos,Reuters,A,1139,41.0,57.0,-16.0,,,appdonipswk3mloq6,https://www.reuters.com/world/us/americans-worry-conflict-with-iran-could-escalate-reutersipsos-poll-finds-2025-06-23/
2025-06-23,2025-06-20,YouGov,The Economist,RV,1455,43.0,54.0,-11.0,,,appdonyoubq15x0r9,https://d3nkl3psvxxpe9.cloudfront.net/documents/econtoplines_fY58GXm.pdf
2025-06-23,2025-06-20,YouGov,The Economist,A,1590,40.0,54.0,-14.0,,,appdonyouk222u79n,https://d3nkl3psvxxpe9.cloudfront.net/documents/econtoplines_fY58GXm.pdf
2025-06-24,2025-06-22,Quinnipiac University,,RV,979,41.0,54.0,-13.0,,,appdonquiopnkpr5p,https://poll.qu.edu/images/polling/us/us06262025_uzro63.pdf
2025-06-25,2025-06-23,American Pulse Research & Polling,,RV,633,49.7,48.9,0.8,,,appdoname7cfjmowr,https://s3.amazonaws.com/kajabi-storefronts-production/file-uploads/sites/24373/themes/2158162839/downloads/21cb32-c88-2208-3bd4-047cb00ebdd_250626_American_Pulse_-_Iran_the_Middle_East_Survey_-_Topline_Report.pdf
2025-06-25,2025-06-24,Emerson College,,RV,1000,44.9,46.3,-1.4,,,appdonemeoq61rjjc,https://docs.google.com/spreadsheets/d/1cwlzwZ55-BHCkCuixS1F8QfAQItDbGpL/edit?gid=47272069#gid=47272069
2025-06-25,2025-06-24,John Zogby Strategies,,LV,1006,45.4,52.7,-7.3,,,appdonjoh97ulh1sm,https://johnzogbystrategies.com/wp-content/uploads/2025/06/S-Approval-US-Likely-062425.pdf
2025-06-25,2025-06-23,Marist College,NPR; PBS News,RV,1206,44.0,53.0,-9.0,,,appdonmarzdm88jq0,https://maristpoll.marist.edu/wp-content/uploads/2025/06/NPR_PBS-News_Marist-Poll_USA-NOS-and-Tables_202506271427.pdf
2025-06-25,2025-06-23,Marist College,NPR; PBS News,A,1381,43.0,52.0,-9.0,,,appdonmar1g730hn2,https://maristpoll.marist.edu/wp-content/uploads/2025/06/NPR_PBS-News_Marist-Poll_USA-NOS-and-Tables_202506271427.pdf
2025-06-25,2025-06-23,Quantus Insights,,RV,1000,47.0,50.0,-3.0,,,appdonquagqvwnte1,https://docs.google.com/spreadsheets/d/1JpJHtbUwDhrW777D0MyY10jeSJSJK7YZ/edit?gid=1873450102#gid=1873450102
2025-06-26,2025-06-18,RMG Research,Napolitan Institute,RV,3000,51.0,47.0,4.0,,,appdonrmgoz1fxohs,https://napolitannews.org/jobapproval
2025-06-26,2025-06-23,Targoz Market Research,Overton Insights,RV,1200,43.0,54.0,-11.0,,,appdontarxzig2fzt,https://overtoninsights.com/wp-content/uploads/2025/07/July-2025-Poll.pdf
2025-06-26,2025-06-25,The Tyson Group,,A,1027,45.0,51.0,-6.0,,,appdonthe4pjrfoz5,https://tysongroup.co/wp-content/uploads/2025/06/June-2025-Issue-Survey.pdf
2025-06-27,2025-06-25,TIPP Insights,Issues & Insights,A,1421,44.0,45.0,-1.0,,,appdontips4utkd4v,https://issuesinsights.com/2025/06/30/trump-clings-to-solid-ratings-for-leadership-despite-dems-ongoing-negative-views-ii-tipp-poll/
2025-06-29,2025-06-27,Morning Consult,,RV,2202,47.0,50.0,-3.0,,,appdonmoroj27goow,https://pro.morningconsult.com/trackers/donald-trump-congress-policy-republicans-polling#06292025
2025-06-30,2025-06-01,ActiVote,,A,523,44.5,51.5,-7.0,,,appdonact6xbd45gz,https://www.activote.net/slight-decline-in-trumps-approval-ratings/
2025-06-30,2025-06-26,Global Strategy Group,Navigator Research,RV,1000,45.0,53.0,-8.0,,,appdonglofng4j1r8,https://navigatorresearch.org/wp-content/uploads/2025/07/Navigator-Topline-F06.30.25.pdf
2025-06-30,2025-06-27,YouGov,The Economist,A,1648,42.0,53.0,-11.0,,,appdonyouw7zk1w4s,https://d3nkl3psvxxpe9.cloudfront.net/documents/econTabReport_B1ETIg8.pdf
2025-06-30,2025-06-27,YouGov,The Economist,RV,1491,45.0,53.0,-8.0,,,appdonyou3jjav457,https://d3nkl3psvxxpe9.cloudfront.net/documents/econTabReport_B1ETIg8.pdf
2025-06-30,2025-06-26,YouGov,Yahoo News,A,1597,40.0,56.0,-16.0,,,appdonyouek29yhjh,https://d3nkl3psvxxpe9.cloudfront.net/documents/combined_20250701_politics_scotus.pdf
2025-06-30,2025-06-26,YouGov,Yahoo News,RV,1074,45.0,54.0,-9.0,,,appdonyou6i47plqg,https://d3nkl3psvxxpe9.cloudfront.net/documents/combined_20250701_politics_scotus.pdf
2025-07-02,2025-06-30,Quantus Insights,TrendingPolitics,RV,1000,47.0,49.0,-2.0,REP,,appdonquas2cct84m,https://drive.google.com/file/d/1R4pZVo0ZnrQyElZQzdNtt7CQ1zwTypuS/view
2025-07-06,2025-07-03,Morning Consult,,RV,2203,45.0,52.0,-7.0,,,appdonmor40yjxkjh,https://pro.morningconsult.com/trackers/donald-trump-congress-policy-republicans-polling#07-06-2025
2025-07-07,2025-07-04,YouGov,The Economist,A,1528,42.0,53.0,-11.0,,,appdonyouo5pm9n7x,https://d3nkl3psvxxpe9.cloudfront.net/documents/econTabReport_haeOEK5.pdf
2025-07-07,2025-07-04,YouGov,The Economist,RV,1389,43.0,54.0,-11.0,,,appdonyoukx8j2f46,https://d3nkl3psvxxpe9.cloudfront.net/documents/econTabReport_haeOEK5.pdf
2025-07-08,2025-07-06,HarrisX/Harris Poll,Harvard CAPS,RV,1903,47.0,49.0,-2.0,,,appdonhart0gi7ci9,https://harvardharrispoll.com/wp-content/uploads/2025/07/HHP_July2025_Crosstabs.pdf
2025-07-10,2025-07-07,A2 Insights,,RV,862,47.5,51.9,-4.4,,,appdona212mjdx36,https://drive.google.com/file/d/1rWAD3mtcrfDv02JzCYf9LLJmRebMkq85/view?pli=1
2025-07-10,2025-07-09,J.L. Partners,DailyMail.com,RV,1000,48.0,52.0,-4.0,,,appdonj.lmry2pmia,https://www.dailymail.co.uk/news/article-14916739/Epstein-Trump-poll-impact-shock-birthday-letter.html
2025-07-10,2025-07-04,Morning Consult,,A,45000,44.0,50.1,-6.1,,,appdonmor6aysu5m7,https://pro.morningconsult.com/trackers/global-leader-approval#07-10-2025
2025-07-10,2025-06-30,RMG Research,Napolitan Institute,RV,3000,44.0,50.1,-6.1,,,appdonrmgsylt3lhs,https://napolitannews.org/jobapproval#07-10-2025
2025-07-13,2025-07-10,CNN/SSRS,,A,1057,42.0,58.0,-16.0,,,appdoncnn4yq2a5qp,https://s3.documentcloud.org/documents/25999223/cnn-poll-conducted-by-ssrs-trump-approval-policy-and-budget-bill.pdf
2025-07-13,2025-07-09,YouGov,,A,2104,39.0,56.0,-17.0,,,appdonyou510fwfi1,https://d3nkl3psvxxpe9.cloudfront.net/documents/Trump_Issue_Handling_poll_results.pdf
2025-07-14,2025-07-10,AP-NORC,,A,1437,40.0,58.0,-18.0,,,appdonap-5vuuroeb,https://apnorc.org/wp-content/uploads/2025/07/July-W1-Topline-Trump.pdf
2025-07-14,2025-07-12,Big Data Poll,Public Polling Project,RV,3022,48.3,48.7,-0.4,,,appdonbignzjxywfu,https://application.marketsight.com/app/ItemView.aspx?SharedFor=public%40bigdatapoll.com&SharedBy=34090&id=3365ed0e-4357-4944-a962-b31b01623800
2025-07-14,2025-07-10,Echelon Insights,,RV,1084,45.0,53.0,-8.0,,,appdonechqnaqalqo,https://echelonin.wpenginepowered.com/wp-content/uploads/July-2025-Voter-Omnibus-Topline-External.pdf
2025-07-14,2025-07-10,Quinnipiac University,,RV,1290,40.0,54.0,-14.0,,,appdonquiry9rm6o9,https://poll.qu.edu/images/polling/us/us07162025_ugxj29.pdf
2025-07-14,2025-07-11,YouGov,The Economist,A,1680,41.0,55.0,-14.0,,,appdonyou6v4sb2rd,https://d3nkl3psvxxpe9.cloudfront.net/documents/econTabReport_fFL8Pon.pdf
2025-07-14,2025-07-11,YouGov,The Economist,RV,1506,43.0,54.0,-11.0,,,appdonyoukqd80nb9,https://d3nkl3psvxxpe9.cloudfront.net/documents/econTabReport_fFL8Pon.pdf
2025-07-16,2025-07-15,Ipsos,Reuters,A,1027,41.0,54.0,-13.0,,,appdonipsdpawkzo4,https://www.ipsos.com/sites/default/files/ct/news/documents/2025-07/Reuters%20Ipsos%20Immigration%20and%20Epstein%20Files%20Topline%2007%2018%202025.pdf
2025-07-16,2025-07-07,Marquette University Law School,,A,2343,45.0,55.0,-10.0,,,appdonmar5h0n7izq,https://law.marquette.edu/poll/wp-content/uploads/2025/07/MLSPSC27Crosstabs_NationalIssues.html
2025-07-16,2025-07-07,Marquette University Law School,,RV,747,46.0,54.0,-8.0,,,appdonmarolpf0y05,https://law.marquette.edu/poll/wp-content/uploads/2025/07/MLSPSC27Crosstabs_NationalIssues.html
2025-07-16,2025-07-14,Quantus Insights,,RV,1000,48.0,50.0,-2.0,,,appdonqua1gdgrxfl,https://drive.google.com/file/d/1itHIYE8XQgWu6RGm_NXhcWK2amJjONku/view
2025-07-16,2025-07-09,RMG Research,Napolitan Institute,RV,3000,52.0,48.0,4.0,,,appdonrmgdnmevzk6,https://napolitannews.org/jobapproval#07-16-2025
2025-07-16,2025-07-14,Verasight,Strength in Numbers,A,1500,42.0,57.0,-15.0,,,appdonver0v685hmr,https://www.gelliottmorris.com/p/new-poll-dems-lead-house-generic
2025-07-18,2025-07-13,AtlasIntel,,A,1935,44.3,54.9,-10.6,,,appdonatlbv7o0329,https://cdn.atlasintel.org/20e36f18-42bd-4a28-85f4-9f623905ba71.pdf?_gl=1*3tf2cu*_ga*Nzg1NTgxMTM2LjE3NTI4ODY1ODc.*_ga_W78QD5CNP1*czE3NTI4ODY1ODckbzEkZzAkdDE3NTI4ODY1OTQkajUzJGwwJGgw
2025-07-18,2025-07-16,YouGov,CBS News,A,2343,42.0,58.0,-16.0,,,appdonyou5yo23iir,https://d3nkl3psvxxpe9.cloudfront.net/documents/cbsnews_20250720_1.pdf
2025-07-19,2025-07-16,Global Strategy Group,Navigator Research,RV,1000,43.0,54.0,-11.0,,,appdongloepu1hhfd,https://navigatorresearch.org/wp-content/uploads/2025/07/Navigator-Topline-F07.21.25.pdf
2025-07-20,2025-07-17,American Research Group,,RV,1006,38.0,59.0,-21.0,,,appdonamek0askdtl,https://americanresearchgroup.com/economy/#07-20-2025
2025-07-20,2025-07-17,American Research Group,,A,1100,38.0,59.0,-21.0,,,appdoname2aci3ti5,https://americanresearchgroup.com/economy/#07-20-2025
2025-07-20,2025-07-16,"Fabrizio, Lee & Associates/Impact Research",The Wall Street Journal,RV,1500,46.0,52.0,-6.0,,,appdonfabxh9j56w1,https://prod-i.a.dj.com/public/resources/documents/Redacted1WSJPollJuly2025.pdf?mod=ANLink
2025-07-20,2025-07-18,Morning Consult,,RV,2202,45.0,52.0,-7.0,,,appdonmor9atjrrnv,https://pro.morningconsult.com/trackers/donald-trump-congress-policy-republicans-polling#07-20-2025
2025-07-21,2025-07-18,Beacon Research/Shaw & Co. Research,Fox News,RV,1000,46.0,54.0,-8.0,,,appdonbea1brjpdue,https://static.foxnews.com/foxnews.com/content/uploads/2025/07/fox_july-18-21-2025_national_topline_july-23-release.pdf
2025-07-21,2025-07-14,GBAO Strategies,Third Way,RV,2000,45.0,55.0,-10.0,,,appdongbahqxwlemn,https://www.thirdway.org/memo/big-beautiful-bellyaches-americans-pain-and-frustration-worsens-after-six-months-of-misplaced-priorities
2025-07-21,2025-07-07,Gallup,,A,1002,37.0,58.0,-21.0,,,appdongal3o1n38nf,https://news.gallup.com/file/poll/692885/2025_07_24%20Trump%20Approval%20Topline%20and%20Tabs.pdf
2025-07-21,2025-07-18,YouGov,The Economist,A,1729,41.0,55.0,-14.0,,,appdonyou46ps9hg2,https://d3nkl3psvxxpe9.cloudfront.net/documents/econTabReport_QYo5riR.pdf
2025-07-21,2025-07-18,YouGov,The Economist,RV,1551,43.0,56.0,-13.0,,,appdonyouuos3ve73,https://d3nkl3psvxxpe9.cloudfront.net/documents/econTabReport_QYo5riR.pdf
2025-07-21,2025-07-18,YouGov,The Times of London,A,1470,39.0,56.0,-17.0,,,appdonyousbq498fk,https://www.thetimes.com/us/american-politics/article/trump-polls-approval-rating-200-days-nxdl2szkr
2025-07-22,2025-07-21,Emerson College,Nexstar,RV,1400,45.7,46.8,-1.1,,,appdoneme6h3qx4er,https://docs.google.com/spreadsheets/d/1iZsOtBWxln95TjYfOOGE6cfqX6WC86M8/edit?usp=drivesdk&ouid=114621343622731351074&rtpof=true&sd=true
2025-07-22,2025-07-21,J.L. Partners,DailyMail.com,RV,1007,45.0,46.0,-1.0,,,appdonj.ll4s9afzr,https://www.dailymail.co.uk/news/article-14932725/Americans-Trump-highest-approval-rating-months-despite-fallout-Epstein-witch-hunt.html
2025-07-22,2025-07-18,The Bullfinch Group,,A,1200,41.0,55.0,-14.0,,,appdonthembx9hncz,https://www.thebullfinchgroup.com/post/public-release-of-bullfinch-q3-nationwide-survey-3
2025-07-22,2025-07-18,The Bullfinch Group,,RV,1000,42.0,56.0,-14.0,,,appdonthelo5rg3tt,https://www.thebullfinchgroup.com/post/public-release-of-bullfinch-q3-nationwide-survey-3
2025-07-23,2025-07-21,Quantus Insights,,RV,1123,47.4,49.9,-2.5,,,appdonquaojun7bwa,https://drive.google.com/file/d/1qvREGB4urO-DDzRqrRY8fKfG49ECNEDI/view?usp=drivesdk
2025-07-23,2025-07-22,Trafalgar Group/InsiderAdvantage,,LV,1200,50.0,48.0,2.0,,,appdontra5iz7xa4s,https://insideradvantage.com/joint-insideradvantage-trafalgar-group-national-survey-majority-of-voters-approve-of-trumps-job-performance-at-six-month-mark-awareness-of-criminal-referral-starting-to-increase/
2025-07-24,2025-07-21,McLaughlin & Associates,America's New Majority Project,RV,2000,46.5,53.5,-7.0,REP,,appdonmcl7cwa9krx,https://americasnewmajorityproject.com/wp-content/uploads/2025/07/20250724-NationalANMP-Tabs.pdf
2025-07-24,2025-07-21,McLaughlin & Associates,America's New Majority Project,LV,1633,47.3,52.7,-5.4,REP,,appdonmclsgdj6cy9,https://americasnewmajorityproject.com/wp-content/uploads/2025/07/20250724-NationalANMP-Tabs.pdf
2025-07-24,2025-07-16,RMG Research,Napolitan Institute,RV,3000,50.0,48.0,2.0,,,appdonrmgrz7hrvpb,https://napolitannews.org/jobapproval#07-24-2025
2025-07-27,2025-07-25,Ipsos,Reuters,A,1023,40.0,56.0,-16.0,,,appdonipsdqpmpi2z,https://www.reuters.com/world/us/trump-approval-rating-sinks-40-lowest-his-term-reutersipsos-poll-finds-2025-07-29/
2025-07-27,2025-07-25,Leger,338Canada; Maintenant Media,A,1007,37.0,51.0,-14.0,,,appdonleg2p1qeh9n,https://leger360.com/wp-content/uploads/2025/08/U.S-Politics-Leger-338Canada-Maintenantmedia-FINAL.pdf
2025-07-27,2025-07-25,Morning Consult,,RV,2202,47.0,50.0,-3.0,,,appdonmorwje7588u,https://pro.morningconsult.com/trackers/donald-trump-congress-policy-republicans-polling#07-27-2025
2025-07-28,2025-07-25,YouGov,The Economist,A,1777,40.0,55.0,-15.0,,,appdonyou9ehfw6lm,https://d3nkl3psvxxpe9.cloudfront.net/documents/econTabReport_7Bn59Tx.pdf
2025-07-28,2025-07-25,YouGov,The Economist,RV,1610,44.0,53.0,-9.0,,,appdonyounqmkt5cj,https://d3nkl3psvxxpe9.cloudfront.net/documents/econTabReport_7Bn59Tx.pdf
2025-07-28,2025-07-24,YouGov,Yahoo News,RV,1168,44.0,54.0,-10.0,,,appdonyouvd0328gb,https://d3nkl3psvxxpe9.cloudfront.net/documents/20250728_yahoo.pdf
2025-07-28,2025-07-24,YouGov,Yahoo News,A,1729,39.0,56.0,-17.0,,,appdonyousg94utw6,https://d3nkl3psvxxpe9.cloudfront.net/documents/20250728_yahoo.pdf
2025-07-29,2025-07-27,Grayhouse,America One Policies,RV,2000,46.0,51.0,-5.0,REP,,appdongra8aacc784,https://cdn.prod.website-files.com/5d02aaade6188137a65c8441/6894e3bfba25e36f2fad12de_OBBB%20Message%20Testing%20Full.pdf
2025-07-29,2025-07-28,John Zogby Strategies,,LV,1010,43.0,54.0,-11.0,,,appdonjoh6ulh1xqm,https://johnzogbystrategies.com/new-zogby-strategies-poll-reveals-intense-collapse-among-trump-supporters/
2025-07-30,2025-07-25,University of Massachusetts Department of Political Science/YouGov,,A,1000,38.0,58.0,-20.0,,,appdonuniknchte64,https://htv-prod-media.s3.amazonaws.com/files/july2025nationalumasspolltrumpcrosstabs-6890b17cc046d.pdf
2025-07-31,2025-07-01,ActiVote,,A,454,44.5,52.1,-7.6,,,appdonactiqb2h39b,https://www.activote.net/trumps-approval-holding-steady/
2025-07-31,2025-07-24,Clarity Campaign Labs,,RV,1018,46.0,51.0,-5.0,,,appdonclaurffekjo,https://static1.squarespace.com/static/61ae8d5e55be5c7314b4c83a/t/68936b40c111f97bb04773dd/1754491714447/Clarity+Omnibus+Overview+-+July+2025+%5BPUBLIC%5D.pdf
2025-07-31,2025-07-23,RMG Research,Napolitan Institute,RV,3000,50.0,48.0,2.0,,,appdonrmgmo6jjre2,https://napolitannews.org/jobapproval#07-31-2025
2025-08-02,2025-07-30,TIPP Insights,Issues & Insights,A,1362,45.0,46.0,-1.0,,,appdontipny781n5k,https://issuesinsights.com/2025/08/04/so-much-winning-voters-give-trumps-leadership-policies-strong-backing-in-august-ii-tipp-poll/
2025-08-03,2025-07-29,Hart Research Associates/Public Opinion Strategies,CNBC,A,1000,46.0,51.0,-5.0,,,appdonhara6u4n2b9,https://pos.org/wp-content/uploads/2025/08/250178-CNBC-AAES-Q2-2025-Topline-8-7-2025-Release.pdf
2025-08-03,2025-08-01,Morning Consult,,RV,2201,45.0,52.0,-7.0,,,appdonmorl36e6yc8,https://pro.morningconsult.com/trackers/donald-trump-congress-policy-republicans-polling#08-03-2025
2025-08-04,2025-08-01,YouGov,The Economist,A,1702,41.0,55.0,-14.0,,,appdonyouioemc6y9,https://d3nkl3psvxxpe9.cloudfront.net/documents/econTabReport_lSgdLYM.pdf
2025-08-04,2025-08-01,YouGov,The Economist,RV,1528,43.0,55.0,-12.0,,,appdonyou32flm4ow,https://d3nkl3psvxxpe9.cloudfront.net/documents/econTabReport_lSgdLYM.pdf
2025-08-07,2025-07-30,RMG Research,Napolitan Institute,RV,3000,50.0,49.0,1.0,,,appdonrmgxobcxklc,https://napolitannews.org/jobapproval#08-07-2025
2025-08-09,2025-08-03,Morning Consult,,A,45000,44.9,48.7,-3.8,,,appdonmorrzkzc6rt,https://pro.morningconsult.com/trackers/global-leader-approval#08-09-2025
2025-08-10,2025-08-08,Morning Consult,,RV,2200,45.0,51.0,-6.0,,,appdonmori1qz5yx0,https://pro.morningconsult.com/trackers/donald-trump-congress-policy-republicans-polling#08-10-2025
2025-08-10,2025-08-04,Pew Research Center,,A,3554,38.0,60.0,-22.0,,,appdonpewu3p9k4v2,https://www.pewresearch.org/wp-content/uploads/sites/20/2025/08/PP_2025.8.14_Trump-approval_topline.pdf
2025-08-11,2025-08-07,Global Strategy Group,Navigator Research,RV,1000,43.0,55.0,-12.0,,,appdonglosvu5gb02,https://navigatorresearch.org/americans-oppose-texas-redistricting-by-double-digit-margins/
2025-08-11,2025-08-09,YouGov,The Economist,RV,1474,44.0,53.0,-9.0,,,appdonyouotf14yp7,https://d3nkl3psvxxpe9.cloudfront.net/documents/econTabReport_Y7xe8fY.pdf
2025-08-11,2025-08-09,YouGov,The Economist,A,1635,42.0,54.0,-12.0,,,appdonyou6fu0j7he,https://d3nkl3psvxxpe9.cloudfront.net/documents/econTabReport_Y7xe8fY.pdf
2025-08-13,2025-08-11,Quantus Insights,,RV,1000,47.4,51.0,-3.6,,,appdonquaxrcgzrmc,https://drive.google.com/file/d/1p5seXSsPUMcdYt5QC_x_ViSrSEWF261z/view?usp=sharing
2025-08-14,2025-08-06,RMG Research,Napolitan Institute,RV,3000,48.0,51.0,-3.0,,,appdonrmgh6x2xo39,https://napolitannews.org/jobapproval#08-14-2025
2025-08-17,2025-08-15,InsiderAdvantage,,LV,1000,54.0,43.6,10.4,,,appdoninsrd7xwzit,https://insideradvantage.com/trump-approval-surges-post-summit-54-44-all-voters-under-65-years-of-age-approve-older-voters-not-so-much/
2025-08-17,2025-08-08,The Argument/Verasight,,RV,1562,43.0,55.0,-12.0,,,appdonverwbrd9uf3,https://www.theargumentmag.com/p/when-americans-bite-their-tongues
2025-08-18,2025-08-14,Echelon Insights,,LV,1057,47.0,51.0,-4.0,,,appdonech2dj237rm,https://echeloninsights.com/in-the-news/august-2025-verified-voter-omnibus/
2025-08-18,2025-08-13,Ipsos,Reuters,A,4446,40.0,54.0,-14.0,,,appdonips6twwj32z,https://www.reuters.com/world/us/trump-approval-holds-40-lowest-level-his-term-reutersipsos-poll-finds-2025-08-18/
2025-08-18,2025-08-15,Morning Consult,,RV,2201,47.0,51.0,-4.0,,,appdonmorapzazig0,https://pro.morningconsult.com/trackers/donald-trump-congress-policy-republicans-polling#08-18-2025
2025-08-19,2025-08-19,SoCal Strategies,Red Eagle Politics; On Point Politics,A,700,45.0,48.0,-3.0,REP,,appdonsochqv0wwac,https://substack.com/inbox/post/171344467?utm_campaign=post&triedRedirect=true
2025-08-19,2025-08-15,YouGov,The Economist,RV,1408,43.0,54.0,-11.0,,,appdonyoum27sd6dh,https://d3nkl3psvxxpe9.cloudfront.net/documents/econTabReport_sBoaiA0.pdf
2025-08-19,2025-08-15,YouGov,The Economist,A,1568,40.0,56.0,-16.0,,,appdonyourxi19mo4,https://d3nkl3psvxxpe9.cloudfront.net/documents/econTabReport_sBoaiA0.pdf
2025-08-20,2025-08-17,American Research Group,,A,1100,38.0,59.0,-21.0,,,appdoname5qkcsq4q,https://americanresearchgroup.com/economy#08-20-2025
2025-08-20,2025-08-17,American Research Group,,RV,1004,38.0,60.0,-22.0,,,appdoname31ereshy,https://americanresearchgroup.com/economy#08-20-2025
2025-08-20,2025-08-01,Gallup,,A,1094,40.0,56.0,-16.0,,,appdongaljuizequx,https://news.gallup.com/poll/694370/trump-ratings-mood-stay-tepid-august.aspx
2025-08-21,2025-08-20,HarrisX/Harris Poll,Harvard CAPS,RV,2025,47.0,49.0,-2.0,,,appdonhar5kalf8yt,https://harvardharrispoll.com/wp-content/uploads/2025/08/HHP_Aug2025_KeyResults.pdf
2025-08-21,2025-08-13,RMG Research,Napolitan Institute,RV,3000,49.0,48.0,1.0,,,appdonrmgnrpg9qkz,https://napolitannews.org/jobapproval#08-21-2025
2025-08-21,2025-08-18,Verasight,Strength In Numbers,A,1500,41.0,56.0,-15.0,,,appdonverzlxrg5zt,https://www.gelliottmorris.com/p/democrats-lead-the-us-house-generic
2025-08-24,2025-08-22,Ipsos,Reuters,A,1022,40.0,54.0,-14.0,,,appdonipsofiyuedz,https://www.reuters.com/world/us/just-38-americans-support-trumps-use-troops-police-dc-reutersipsos-poll-finds-2025-08-26/
2025-08-24,2025-08-22,Morning Consult,,RV,2200,47.0,51.0,-4.0,,,appdonmortwsf6i6t,https://pro.morningconsult.com/trackers/donald-trump-congress-policy-republicans-polling#08-24-2025
2025-08-25,2025-08-21,AP-NORC,,A,1182,45.0,53.0,-8.0,,,appdonap-pcxr74x6,https://apnorc.org/wp-content/uploads/2025/08/AP-NORC-August-2025-Topline-Crime.pdf
2025-08-25,2025-08-21,Quinnipiac University,,RV,1220,37.0,55.0,-18.0,,,appdonquifvbjieyy,https://poll.qu.edu/images/polling/us/us08272025_ubru23.pdf
2025-08-25,2025-08-22,YouGov,The Economist,A,1523,41.0,56.0,-15.0,,,appdonyouj6vpq977,https://d3nkl3psvxxpe9.cloudfront.net/documents/econTabReport_otzzSNZ.pdf
2025-08-25,2025-08-22,YouGov,The Economist,RV,1377,43.0,55.0,-12.0,,,appdonyou1ae4n09e,https://d3nkl3psvxxpe9.cloudfront.net/documents/econTabReport_otzzSNZ.pdf
2025-08-26,2025-08-25,Emerson College,,RV,1000,44.7,47.3,-2.6,,,appdonemeqoklzsvd,https://docs.google.com/spreadsheets/d/11Pmwdv5G5pCF8yTyrQo6e2oIdwHB97rD/edit?usp=sharing&ouid=107857247170786005927&rtpof=true&sd=true
2025-08-26,2025-08-25,Quantus Insights,,RV,1000,47.6,50.6,-3.0,,,appdonquaynl5uwsk,https://drive.google.com/file/d/1NAva4gltMuAcmo7_6MzR_TCWRrc1NCCL/view
2025-08-26,2025-08-21,Talker Research,Scripps News,A,1000,43.0,46.0,-3.0,,,appdontalqu7x2pkw,https://www.scrippsnews.com/politics/poll-vast-majority-of-americans-say-life-is-getting-pricier-under-trump
2025-08-28,2025-08-21,RMG Research,Napolitan Institute,RV,3000,50.0,49.0,1.0,,,appdonrmge4m3qrtl,https://napolitannews.org/jobapproval#08-28-2025
2025-08-29,2025-08-27,TIPP Insights,Issues & Insights,A,1362,43.0,47.0,-4.0,,,appdontipjk3ptrfd,https://tippinsights.com/despite-nasty-media-coverage-voters-still-give-trump-solid-grades-for-his-leadership-i-i-tipp-poll/
2025-08-30,2025-08-29,John Zogby Strategies,,LV,1000,46.0,52.0,-6.0,,,appdonjohiqtbii1v,https://johnzogbystrategies.com/09-03-25-has-the-president-bounced-back-new-zogby-strategies-poll/
2025-08-31,2025-08-01,ActiVote,,A,412,43.7,50.4,-6.7,,,appdonactahjws5g1,https://www.activote.net/trumps-approval-virtually-unchanged/
2025-08-31,2025-08-29,Leger,,A,1014,39.0,50.0,-11.0,,,appdonlegcm4fp2iq,https://leger360.com/wp-content/uploads/2025/09/Leger_Can_US-Relations_Aug2025.pdf
2025-08-31,2025-08-29,Morning Consult,,RV,2202,46.0,51.0,-5.0,,,appdonmorlak5faih,https://pro.morningconsult.com/trackers/donald-trump-congress-policy-republicans-polling#08-31-2025
2025-09-01,2025-08-21,J.L. Partners,DailyMail.com,RV,867,55.0,45.0,10.0,,,appdonj.lve6iwnhz,https://www.dailymail.co.uk/news/article-15062999/donald-trump-poll-approval-rating.html?ns_mchannel=rss&ns_campaign=1490&ito=1490
2025-09-01,2025-08-13,SurveyMonkey,NBC News,A,30196,43.0,57.0,-14.0,,,appdonsurbedazvqw,https://www.documentcloud.org/documents/26085240-final-nbc-news-decision-desk-poll-august-2025-topline/
2025-09-01,2025-08-30,The Winston Group,Winning the Issues,RV,1000,41.0,52.0,-11.0,REP,,appdonthe95c989e0,https://www.winningtheissues.org/wp-content/uploads/2026/01/August-2025-WTI-Survey.pdf
2025-09-02,2025-08-29,YouGov,The Economist,A,1691,41.0,55.0,-14.0,,,appdonyoufwp0s4b0,https://d3nkl3psvxxpe9.cloudfront.net/documents/econTabReport_S3c69M7.pdf
2025-09-02,2025-08-29,YouGov,The Economist,RV,1549,44.0,55.0,-11.0,,,appdonyourd0ubi70,https://d3nkl3psvxxpe9.cloudfront.net/documents/econTabReport_S3c69M7.pdf
2025-09-02,2025-08-29,YouGov,Yahoo News,A,1690,40.0,55.0,-15.0,,,appdonyoupt2oyr1x,https://ca.news.yahoo.com/poll-shows-a-majority-of-americans-dont-want-trump-to-send-national-guard-to-major-cities--as-he-says-chicago-and-baltimore-are-next-175845210.html
2025-09-03,2025-08-27,RMG Research,Napolitan Institute,RV,3000,50.0,48.0,2.0,,,appdonrmg7kf5vl9f,https://napolitannews.org/jobapproval#09-03-2025
2025-09-05,2025-09-03,YouGov,CBS News,A,2385,44.0,56.0,-12.0,,,appdonyoua44yz3af,https://www.scribd.com/document/913107555/cbsnews-20250907-SUN
2025-09-08,2025-09-04,Global Strategy Group,Navigator Research,RV,1000,43.0,53.0,-10.0,,,appdonglok53mkwgr,https://navigatorresearch.org/wp-content/uploads/2025/09/Navigator-Update-Topline-F09.08.25.pdf
2025-09-08,2025-09-02,Morning Consult,,A,45000,44.2,49.22,-5.0,,,appdonmorth8w9zl5,https://pro.morningconsult.com/trackers/global-leader-approval#09-08-2025
2025-09-08,2025-09-06,Morning Consult,,RV,2201,45.0,52.0,-7.0,,,appdonmorsse7lixj,https://pro.morningconsult.com/trackers/donald-trump-congress-policy-republicans-polling#09-08-2025
2025-09-08,2025-08-15,Public Religion Research Institute,Carnegie Corporation of New York,A,5543,42.0,56.0,-14.0,,,appdonpub046iwuec,https://prri.org/wp-content/uploads/2025/10/2025-PRRI-American-Values-Survey-Topline.pdf
2025-09-08,2025-09-05,YouGov,The Economist,A,1644,41.0,54.0,-13.0,,,appdonyou61k2adlf,https://d3nkl3psvxxpe9.cloudfront.net/documents/econTabReport_posPy08.pdf
2025-09-08,2025-09-05,YouGov,The Economist,RV,1487,43.0,54.0,-11.0,,,appdonyoubzknw2k4,https://d3nkl3psvxxpe9.cloudfront.net/documents/econTabReport_posPy08.pdf
2025-09-09,2025-09-06,Beacon Research/Shaw & Co. Research,Fox News,RV,1004,46.0,54.0,-8.0,,,appdonbea3smxsrgs,https://static.foxnews.com/foxnews.com/content/uploads/2025/09/fox_september-6-9-2025_national_cross-tabs_september-11-release.pdf
2025-09-09,2025-09-05,Ipsos,Reuters,A,1084,42.0,56.0,-14.0,,,appdonips0ygxxxwl,https://www.reuters.com/world/us/trump-approval-rating-42-weak-economy-reutersipsos-poll-shows-2025-09-09/
2025-09-11,2025-09-04,Clarity Campaign Labs,,RV,1001,46.0,52.0,-6.0,,,appdonclab5085n4j,https://www.claritycampaigns.com/clarity-omnibus-september-2025
2025-09-11,2025-09-03,RMG Research,Napolitan Institute,RV,3000,50.0,48.0,2.0,,,appdonrmg0qz6h0tn,https://napolitannews.org/jobapproval#09-11-2025
2025-09-11,2025-09-06,The Bullfinch Group,The Independent Center,A,2000,45.0,51.0,-6.0,,,appdontheftrxfyo6,https://cdn.prod.website-files.com/65fc824cf835683ce2d3549b/68c337dae06e3c4578f9a9f4_20250911-ICGenerationPoll-Final.pdf
2025-09-11,2025-09-06,The Bullfinch Group,The Independent Center,RV,1700,47.0,51.0,-4.0,,,appdonthe5bcroaf6,https://cdn.prod.website-files.com/65fc824cf835683ce2d3549b/68c337dae06e3c4578f9a9f4_20250911-ICGenerationPoll-Final.pdf
2025-09-14,2025-09-12,Morning Consult,,RV,2204,46.0,52.0,-6.0,,,appdonmoroxbce9xa,https://pro.morningconsult.com/trackers/donald-trump-congress-policy-republicans-polling#09-14-2025
2025-09-15,2025-09-11,AP-NORC,,A,1183,41.0,55.0,-14.0,,,appdonap-bdv7z079,https://d3nkl3psvxxpe9.cloudfront.net/documents/Approval_of_Trump_s_Appointments_poll_results.pdf
2025-09-15,2025-09-11,Ipsos,The Washington Post,A,2513,43.0,56.0,-13.0,,,appdonips0m81vn69,https://docs.google.com/spreadsheets/d/1ro1Mg5SiLnlJ4I_RYVCJ31X9_trZqY7gVhbthSxFNw0/edit?gid=0#gid=0
2025-09-15,2025-09-11,Ipsos,The Washington Post,RV,,45.0,55.0,-10.0,,,appdonips2mkp7egj,https://docs.google.com/spreadsheets/d/1ro1Mg5SiLnlJ4I_RYVCJ31X9_trZqY7gVhbthSxFNw0/edit?gid=0#gid=0
2025-09-15,2025-09-08,SurveyMonkey,The 19th,A,20807,43.0,55.0,-12.0,,,appdonsurn2llnhnw,https://www.surveymonkey.com/curiosity/the-19th-surveymonkey-poll-september-2025/
2025-09-15,2025-09-12,YouGov,The Economist,A,1567,39.0,57.0,-18.0,,,appdonyoupnsdvi78,https://d3nkl3psvxxpe9.cloudfront.net/documents/econTabReport_jmHpS1k.pdf
2025-09-15,2025-09-12,YouGov,The Economist,RV,1420,43.0,55.0,-12.0,,,appdonyoumw1usutr,https://d3nkl3psvxxpe9.cloudfront.net/documents/econTabReport_jmHpS1k.pdf
2025-09-15,2025-09-12,YouGov,,A,1103,41.0,55.0,-14.0,,,appdonyou4s85hbzb,https://d3nkl3psvxxpe9.cloudfront.net/documents/Approval_of_Trump_s_Appointments_poll_results.pdf
2025-09-16,2025-09-12,AtlasIntel,,A,1066,46.9,52.0,-5.1,,,appdonatlvr1gyu7s,https://cdn.atlasintel.org/e734ffb6-e175-4467-b745-bd32bf1aca9a.pdf
2025-09-16,2025-09-02,Gallup,,A,1000,40.0,56.0,-16.0,,,appdongallvutq7ho,https://news.gallup.com/poll/695519/mood-subdued-crime-unity-concerns-rise.aspx
2025-09-16,2025-09-11,"Normington, Petts & Associates",Third Way,LV,800,45.0,54.0,-9.0,,,appdonnorvp37lull,https://thirdway.imgix.net/downloads/americans-caught-between-trumps-cruelty-and-democrats-chaos/Third-Way-and-Normington-Petts-National-Immigration-Survey-Toplines.pdf
2025-09-16,2025-09-15,TIPP Insights,League of American Workers,RV,1561,45.0,49.0,-4.0,REP,,appdontipb7i8nwzc,https://tippinsights.com/content/files/2025/09/Tables-LAW-National-Survey-September-2025.pdf
2025-09-17,2025-09-10,RMG Research,,RV,3000,51.0,47.0,4.0,,,appdonrmg3j2dpldg,https://napolitannews.org/jobapproval#09-17-2025
2025-09-18,2025-09-15,The Argument/Verasight,,RV,1541,42.0,56.0,-14.0,,,appdonthe2ke1eabk,https://www.theargumentmag.com/p/chatgpt-and-the-end-of-learning
2025-09-19,2025-09-15,Verasight,Strength In Numbers,A,1500,42.0,55.0,-13.0,,,appdonverdp7t1nhd,https://www.gelliottmorris.com/p/new-poll-voters-to-blame-republicans-for-shutdown
2025-09-20,2025-09-17,American Research Group,,A,1100,37.0,58.0,-21.0,,,appdonamedi8s32tv,https://americanresearchgroup.com/economy/#09-20-2025
2025-09-20,2025-09-17,American Research Group,,RV,1002,37.0,58.0,-21.0,,,appdonameyoam9jct,https://americanresearchgroup.com/economy/#09-20-2025
2025-09-21,2025-09-19,Morning Consult,,RV,2201,46.0,52.0,-6.0,,,appdonmormotyfha1,https://pro.morningconsult.com/trackers/donald-trump-congress-policy-republicans-polling#09-21-2025
2025-09-21,2025-09-19,Quantus Insights,,LV,1000,48.2,49.7,-1.5,,,appdonqual3sdmqgg,https://drive.google.com/file/d/1a37yoWURhICqyzJDzLMeab3NQRnKtpo8/view?usp=sharing
2025-09-21,2025-09-18,Quinnipiac University,,RV,1276,38.0,54.0,-16.0,,,appdonqui1i668msj,https://poll.qu.edu/poll-release?releaseid=3932
2025-09-22,2025-09-18,Echelon Insights,,LV,1071,45.0,53.0,-8.0,,,appdonech5o063mou,https://echelonin.wpenginepowered.com/wp-content/uploads/September-2025-Voter-Omnibus-Topline-External-1.pdf
2025-09-22,2025-09-19,YouGov,The Economist,A,1551,39.0,56.0,-17.0,,,appdonyoupd9u40ge,https://d3nkl3psvxxpe9.cloudfront.net/documents/econTabReport_XUKbKYQ.pdf
2025-09-22,2025-09-19,YouGov,The Economist,RV,1392,43.0,55.0,-12.0,,,appdonyoufc3ul6ei,https://d3nkl3psvxxpe9.cloudfront.net/documents/econTabReport_XUKbKYQ.pdf
2025-09-24,2025-09-15,Marquette University Law School,,A,1043,43.0,57.0,-14.0,,,appdonmark8nmpoz5,https://law.marquette.edu/poll/wp-content/uploads/2025/09/MLSPSC28Toplines_NationalIssues.html
2025-09-24,2025-09-15,Marquette University Law School,,RV,777,45.0,55.0,-10.0,,,appdonmarwna3d7r0,https://law.marquette.edu/poll/wp-content/uploads/2025/09/MLSPSC28Toplines_NationalIssues.html
2025-09-25,2025-09-16,RMG Research,Napolitan Institute,RV,3000,50.0,49.0,1.0,,,appdonrmgxemoupth,https://napolitannews.org/jobapproval#09-24-2025
2025-09-26,2025-09-22,Marist College,"NPR,PBS News",A,1477,41.0,53.0,-12.0,,,appdonmar61h4zf3r,https://maristpoll.marist.edu/wp-content/uploads/2025/09/NPR_PBS-News_Marist-Poll_USA-NOS-and-Tables_Shutdown_202509291238.pdf
2025-09-26,2025-09-22,Marist College,"NPR,PBS News",RV,1329,42.0,53.0,-11.0,,,appdonmarrihlulp5,https://maristpoll.marist.edu/wp-content/uploads/2025/09/NPR_PBS-News_Marist-Poll_USA-NOS-and-Tables_Shutdown_202509291238.pdf
2025-09-27,2025-09-22,The New York Times/Siena College,,RV,1313,43.0,54.0,-11.0,,,appdonthe2xweyjzi,https://www.nytimes.com/interactive/2025/09/30/polls/times-siena-poll-registered-voter-crosstabs.html
2025-09-28,2025-09-26,Morning Consult,,RV,2202,46.0,52.0,-6.0,,,appdonmorvpwjr5py,https://pro.morningconsult.com/trackers/donald-trump-congress-policy-republicans-polling#09-28-2025
2025-09-28,2025-09-22,Pew Research Center,,A,3445,40.0,58.0,-18.0,,,appdonpew6gupyk1t,https://www.pewresearch.org/wp-content/uploads/sites/20/2025/09/SR_25.09.30_us-leaders_topline.pdf
2025-09-29,2025-09-26,Leger,,A,1010,38.0,50.0,-12.0,,,appdonlegtnlyk9h2,https://leger360.com/wp-content/uploads/2025/09/Leger-U.S-Politics_September_29th_2025.pdf
2025-09-29,2025-09-26,YouGov,The Economist,A,1656,40.0,54.0,-14.0,,,appdonyoumckniqhj,https://d3nkl3psvxxpe9.cloudfront.net/documents/econTabReport_5xxkX0x.pdf
2025-09-29,2025-09-26,YouGov,The Economist,RV,1518,43.0,54.0,-11.0,,,appdonyou443py1zs,https://d3nkl3psvxxpe9.cloudfront.net/documents/econTabReport_5xxkX0x.pdf
2025-09-29,2025-09-25,YouGov,Yahoo News,A,1676,41.0,55.0,-14.0,,,appdonyoumuh9sa59,https://www.scribd.com/document/925455404/Combined-Kimmel
2025-09-29,2025-09-25,YouGov,Yahoo News,RV,1129,44.0,55.0,-11.0,,,appdonyougicpztvk,https://www.scribd.com/document/925455404/Combined-Kimmel
2025-09-30,2025-09-01,ActiVote,,A,485,43.5,51.5,-8.0,,,appdonactwbridu3t,https://www.activote.net/trumps-approval-remains-steady/
2025-09-30,2025-09-29,InsiderAdvantage,,LV,800,52.0,46.0,6.0,,,appdonins6u9lqidw,https://www.realclearpolitics.com/docs/2025/IA_Final_Sept_PDF.pdf
2025-10-01,2025-09-23,RMG Research,Napolitan Institute,RV,3000,51.0,48.0,3.0,,,appdonrmggaxxnxi8,https://napolitannews.org/assets/pdfs/68dfc1aa4ed0d-gcm25-1001-toplines-trump-job-approval.pdf
2025-10-02,2025-10-01,HarrisX/Harris Poll,Harvard CAPS,RV,2413,46.0,50.0,-4.0,,,appdonhar3r1wp0kb,https://harvardharrispoll.com/wp-content/uploads/2025/10/HHP_Sep2025_KeyResults.pdf
2025-10-02,2025-09-30,TIPP Insights,Issues & Insights,A,1459,42.0,46.0,-4.0,,,appdontipvoec2cpn,https://issuesinsights.com/2025/10/06/trumps-energetic-leadership-style-continues-to-find-solid-voter-backing-in-october-ii-tipp-poll/
2025-10-03,2025-10-01,YouGov,CBS News,A,2441,42.0,58.0,-16.0,,,appdonyougk2oshii,https://www.scribd.com/document/928352494/Cbsnews-20251005-Shutdown
2025-10-05,2025-10-02,Global Strategy Group,Navigator Research,RV,1000,44.0,54.0,-10.0,,,appdonglowag6huq0,https://navigatorresearch.org/wp-content/uploads/2025/10/Navigator-Topline-F10.06.25.pdf
2025-10-05,2025-10-03,Morning Consult,,RV,2200,46.0,52.0,-6.0,,,appdonmorn0yu3esr,https://pro.morningconsult.com/trackers/donald-trump-congress-policy-republicans-polling#10-05-2025
2025-10-06,2025-10-02,Noble Predictive Insights,The Center Square,RV,2565,48.0,50.0,-2.0,,,appdonnobwfb7h896,https://www.thecentersquare.com/north_carolina/article_1ca4f129-6cbd-4a04-a83b-4e98ad17c137.html
2025-10-06,2025-10-04,YouGov,The Economist,A,1648,39.0,56.0,-17.0,,,appdonyoui8sr7xhj,https://d3nkl3psvxxpe9.cloudfront.net/documents/econTabReport_aAQjgRJ.pdf
2025-10-06,2025-10-04,YouGov,The Economist,RV,1490,43.0,55.0,-12.0,,,appdonyou8ic7rfq3,https://d3nkl3psvxxpe9.cloudfront.net/documents/econTabReport_aAQjgRJ.pdf
2025-10-07,2025-10-03,Ipsos,Reuters,A,1154,40.0,58.0,-18.0,,,appdonips23nluqls,https://www.reuters.com/world/us/most-americans-dont-want-troops-deployed-without-an-external-threat-reutersipsos-2025-10-08/
2025-10-07,2025-10-01,Morning Consult,,A,45000,43.0,50.0,-7.0,,,appdonmormw7aidos,https://pro.morningconsult.com/trackers/global-leader-approval#10-07-2025
2025-10-07,2025-10-06,Quantus Insights,,LV,1000,47.0,51.0,-4.0,,,appdonqua7f4smk96,https://drive.google.com/file/d/18CFNjqfW9dYNXE0l84WXTlCLcYVvvbSk/view
2025-10-09,2025-10-01,RMG Research,Napolitan Institute,LV,3000,51.0,48.0,3.0,,,appdonrmg9uvfmo8n,https://napolitannews.org/jobapproval#10-09-2025
2025-10-12,2025-10-08,Hart Research Associates/Public Opinion Strategies,CNBC,A,1000,44.0,52.0,-8.0,,,appdonhar78sobgpv,https://www.cnbc.com/2025/10/17/trumps-economic-approval-rating-drops-says-cnbc-survey.html
2025-10-12,2025-10-10,John Zogby Strategies,,LV,1000,44.0,51.0,-7.0,,,appdonjohqqzu8i65,https://johnzogbystrategies.com/president-trumps-approval-rating-at-44-slight-majority-disapprove-nation-deeply-divided-over-insurrection-act/
2025-10-12,2025-10-10,Morning Consult,,RV,2202,45.0,53.0,-8.0,,,appdonmorvjwz4y25,https://pro.morningconsult.com/trackers/donald-trump-congress-policy-republicans-polling#10-12-2025
2025-10-13,2025-10-09,AP-NORC,,A,1289,37.0,61.0,-24.0,,,appdonap-sk565lfz,https://apnorc.org/projects/increased-approval-of-trumps-handling-of-the-israel-palestine-conflict
2025-10-13,2025-10-09,Global Strategy Group,Navigator Research,RV,1000,44.0,54.0,-10.0,,,appdonglo7bmhh8z7,https://navigatorresearch.org/government-shutdown-a-guide-for-advocates-2/
2025-10-13,2025-10-10,YouGov,The Economist,A,1622,40.0,55.0,-15.0,,,appdonyoug007mjnb,https://d3nkl3psvxxpe9.cloudfront.net/documents/econtoplines_GWBYlDD.pdf
2025-10-13,2025-10-10,YouGov,The Economist,RV,1467,44.0,54.0,-10.0,,,appdonyouil9sv6yb,https://d3nkl3psvxxpe9.cloudfront.net/documents/econtoplines_GWBYlDD.pdf
2025-10-14,2025-10-13,Emerson College,,RV,1000,45.3,48.3,-3.0,,,appdonemeig7qkji9,https://docs.google.com/spreadsheets/d/1OH0jUjsnk6GYnBZgR648Qenu3UpslqAW/edit?gid=329128904#gid=329128904
2025-10-15,2025-10-14,J.L. Partners,DailyMail.com,RV,1004,46.0,44.0,2.0,,,appdonj.lgv5cl8vl,https://www.dailymail.co.uk/news/article-15199427/donald-trump-polling-peace-president.html
2025-10-15,2025-10-14,J.L. Partners,DailyMail.com,RV,1004,51.0,49.0,2.0,,,appdonj.lcq29lwxf,https://static1.squarespace.com/static/663253f0bc87b7070102f41f/t/68fbe60430e9a41286f8b8df/1761338884941/Deliverables+-+DM+Polling+Oct+2025.pdf
2025-10-16,2025-10-01,Gallup,,A,1000,41.0,54.0,-13.0,,,appdongal8jbb0dk1,https://news.gallup.com/poll/696722/congress-job-rating-sinks-trump-steady.aspx
2025-10-16,2025-10-08,RMG Research,Napolitan Institute,RV,3000,52.0,47.0,5.0,,,appdonrmgx5src1pp,https://napolitannews.org/jobapproval#10-16-2025
2025-10-16,2025-10-10,The Argument/Verasight,,RV,1530,44.0,54.0,-10.0,,,appdonthe6prb4lpv,https://www.theargumentmag.com/p/the-immigration-problem-is-a-crime
2025-10-16,2025-10-10,The Bullfinch Group,The Independent Center,A,1200,42.0,52.0,-10.0,,,appdonthe47vorzf0,https://cdn.prod.website-files.com/65fc824cf835683ce2d3549b/69124cc25d510af2a675d235_IC%202025%20Nationwide%20Governmental%20Sentiment%20Study%20Toplines%5B43%5D.pdf
2025-10-16,2025-10-10,The Bullfinch Group,The Independent Center,RV,1000,42.0,53.0,-11.0,,,appdontheqffre5oo,https://cdn.prod.website-files.com/65fc824cf835683ce2d3549b/69124cc25d510af2a675d235_IC%202025%20Nationwide%20Governmental%20Sentiment%20Study%20Toplines%5B43%5D.pdf
2025-10-16,2025-10-15,The Winston Group,Winning the Issues,RV,1000,38.0,55.0,-17.0,REP,,appdontheb7d5f881,https://www.winningtheissues.org/wp-content/uploads/2026/01/October-2025-WTI-National-Survey.pdf
2025-10-17,2025-10-15,Hart Research Associates/Public Opinion Strategies,Senate Majority PAC,LV,1221,45.0,55.0,-10.0,DEM,,appdonharpi2ch28d,https://senatemajority.com/news/americans-continue-to-back-democrats-fight-for-affordable-healthcare-against-republican-shutdown
2025-10-19,2025-10-17,Morning Consult,,RV,2200,46.0,51.0,-5.0,,,appdonmor1wo3mq7x,https://pro.morningconsult.com/trackers/donald-trump-congress-policy-republicans-polling#10-19-2025
2025-10-20,2025-10-17,American Research Group,,A,1100,37.0,60.0,-23.0,,,appdonameemviktm8,https://americanresearchgroup.com/economy#10-20-2025
2025-10-20,2025-10-17,American Research Group,,RV,1001,37.0,60.0,-23.0,,,appdonames7m3sbco,https://americanresearchgroup.com/economy#10-20-2025
2025-10-20,2025-10-16,Echelon Insights,,LV,1010,46.0,53.0,-7.0,,,appdonechv1wvgbgm,https://echelonin.wpenginepowered.com/wp-content/uploads/October-2025-Voter-Omnibus-Topline-External-2.pdf
2025-10-20,2025-10-16,Global Strategy Group,Navigator Research,RV,1000,43.0,55.0,-12.0,,,appdonglo1rierp0b,https://navigatorresearch.org/wp-content/uploads/2025/10/Navigator-Topline-F10.20.25.pdf
2025-10-20,2025-10-15,Ipsos,,A,4385,42.0,56.0,-14.0,,,appdonips09e0mdvm,https://www.reuters.com/world/us/trumps-approval-edges-up-despite-americans-blaming-republicans-shutdown-2025-10-21
2025-10-20,2025-10-16,Quinnipiac University,,RV,1327,40.0,54.0,-14.0,,,appdonquiqho10foe,https://poll.qu.edu/poll-release?releaseid=3938
2025-10-20,2025-10-16,University of Massachusetts Department of Political Science/YouGov,,A,1000,42.0,58.0,-16.0,,,appdonunivacaxx0c,https://www.uml.edu/news/press-releases/2025/national-poll-10292025.aspx
2025-10-20,2025-10-17,YouGov,The Economist,A,1621,39.0,56.0,-17.0,,,appdonyou7k4z6djr,https://d3nkl3psvxxpe9.cloudfront.net/documents/econtoplines_9BPkYGS.pdf
2025-10-20,2025-10-17,YouGov,The Economist,RV,1448,43.0,55.0,-12.0,,,appdonyou4fkfbazd,https://d3nkl3psvxxpe9.cloudfront.net/documents/econtoplines_9BPkYGS.pdf
2025-10-22,2025-10-15,RMG Research,Napolitan Institute,RV,3000,51.0,47.0,4.0,,,appdonrmgnrtdt0w6,https://napolitannews.org/jobapproval#10-22-2025
2025-10-23,2025-10-16,Clarity Campaign Labs,,RV,1047,46.0,52.0,-6.0,,,appdonclaqyoc9nq9,https://www.claritycampaigns.com/clarity-omnibus-oct-2025
2025-10-26,2025-10-24,Ipsos,Reuters,A,1018,40.0,57.0,-17.0,,,appdonips4ubqj7s8,https://www.reuters.com/world/us/trumps-popularity-dips-americans-sweat-cost-living-reutersipsos-poll-finds-2025-10-28/
2025-10-26,2025-10-24,Leger,,A,1010,39.0,52.0,-13.0,,,appdonlegc9295521,https://leger360.com/wp-content/uploads/2026/03/Leger_Report_IranWar_CAN_US_EN_20260317.pdf?utm_source=reports&utm_medium=webpage&utm_content=march2026&utm_campaign=etudesmediatiques
2025-10-26,2025-10-24,Morning Consult,,RV,2200,46.0,51.0,-5.0,,,appdonmor2wdv4le0,https://pro.morningconsult.com/trackers/donald-trump-congress-policy-republicans-polling#10-26-2025
2025-10-27,2025-10-23,Global Strategy Group,Navigator Research,RV,1000,41.0,57.0,-16.0,,,appdonglo86no7s6i,https://navigatorresearch.org/wp-content/uploads/2025/10/Navigator-Topline-F10.27.25.pdf
2025-10-27,2025-10-24,YouGov,The Economist,RV,1476,43.0,55.0,-12.0,,,appdonyou7lmq5f88,https://d3nkl3psvxxpe9.cloudfront.net/documents/econtoplines_6P3FccQ.pdf
2025-10-27,2025-10-24,YouGov,The Economist,A,1623,39.0,58.0,-19.0,,,appdonyounm1st32e,https://d3nkl3psvxxpe9.cloudfront.net/documents/econtoplines_6P3FccQ.pdf
2025-10-27,2025-10-23,YouGov,Yahoo News,A,1770,40.0,56.0,-16.0,,,appdonyouvjdc9g45,https://www.scribd.com/document/939641649/Yahoo-YouGov-Ballroom-Poll-October-2025
2025-10-27,2025-10-23,YouGov,Yahoo News,RV,1197,43.0,55.0,-12.0,,,appdonyouv2171dp3,https://www.scribd.com/document/939641649/Yahoo-YouGov-Ballroom-Poll-October-2025
2025-10-28,2025-10-26,Big Data Poll,Public Polling Project,RV,2984,45.0,51.0,-6.0,,,appdonbig6odg1sml,https://www.bigdatapoll.com/blog/trumps-approval-rating-declines-further-in-october
2025-10-28,2025-10-24,Hart Research Associates/Public Opinion Strategies,NBC News,RV,1000,43.0,55.0,-12.0,,,appdonhara8449ebj,https://pos.org/wp-content/uploads/2025/11/NBC-News-October-2025-Poll-11-02-2025-Release.pdf
2025-10-28,2025-10-24,Washington Post/ABC News/Ipsos,,A,2725,41.0,59.0,-18.0,,,appdonwas6aouqb4w,https://www.washingtonpost.com/documents/1d305cca-df33-44a8-ba8d-c98790a67f99.pdf
2025-10-28,2025-10-24,Washington Post/ABC News/Ipsos,,RV,2203,43.0,57.0,-14.0,,,appdonwasclo9rfib,https://www.washingtonpost.com/documents/1d305cca-df33-44a8-ba8d-c98790a67f99.pdf
2025-10-29,2025-10-27,NewsNation/Decision Desk HQ,,LV,1158,43.0,57.0,-14.0,,,appdonnew4bxriuvb,https://www.newsnationnow.com/polls/full-poll-results-newsnation-national-survey-trump
2025-10-29,2025-10-27,NewsNation/Decision Desk HQ,,RV,1609,41.0,57.0,-16.0,,,appdonnewfngi9rf1,https://www.newsnationnow.com/polls/full-poll-results-newsnation-national-survey-trump
2025-10-29,2025-10-27,Overton Insights/Targoz Market Research,,RV,1200,43.0,55.0,-12.0,,,appdonovewels2rif,https://overtoninsights.com/poll/november-2025
2025-10-29,2025-10-24,Verasight,Strength In Numbers,A,1567,41.0,56.0,-15.0,,,appdonvernxggkb3t,https://www.gelliottmorris.com/p/new-poll-voters-want-democrats-to
2025-10-30,2025-10-27,CNN/SSRS,,A,1245,37.0,63.0,-26.0,,,appdoncnnrms8e01n,https://www.cnn.com/2025/11/03/politics/cnn-poll-democrats-trump-midterms
2025-10-30,2025-10-27,CNN/SSRS,,RV,954,39.0,61.0,-22.0,,,appdoncnn9a0wx8u4,https://www.cnn.com/2025/11/03/politics/cnn-poll-democrats-trump-midterms
2025-10-31,2025-10-01,ActiVote,,A,574,46.0,51.0,-5.0,,,appdonactxm10zadf,https://www.activote.net/trumps-approval-ticks-up#10-31-2025
2025-10-31,2025-10-28,TIPP Insights,Issues & Insights,A,1418,40.0,51.0,-11.0,,,appdontipka0n7z4e,https://tippinsights.com/too-much-winning-trumps-favorability-slumps-in-november-as-voters-take-stock-i-i-tipp-poll
2025-10-31,2025-10-28,Talker Research,Scripps News,A,1000,44.0,46.0,-2.0,,,appdontalromhlmib,https://www.scrippsnews.com/health/premium-pain/americans-say-health-insurance-costs-are-a-thorn-in-my-side
2025-10-31,2025-10-29,YouGov,CBS News,A,2124,41.0,59.0,-18.0,,,appdonyourt3agasp,https://www.cbsnews.com/news/cbs-news-poll-shutdown-impact-economy-personal
2025-11-01,2025-10-06,Lord Ashcroft Polls,,A,10028,43.0,55.0,-12.0,,,appdonlor9r6kl7l7,https://lordashcroftpolls.com/2025/12/what-will-they-do-without-him-post-trump-politics-in-the-us/
2025-11-01,2025-10-06,Lord Ashcroft Polls,,RV,8569,44.0,54.0,-10.0,,,appdonlorbpq4s61y,https://lordashcroftpolls.com/2025/12/what-will-they-do-without-him-post-trump-politics-in-the-us/
2025-11-02,2025-10-31,Morning Consult,,RV,2202,45.0,52.0,-7.0,,,appdonmoraqffj15q,https://pro.morningconsult.com/trackers/donald-trump-congress-policy-republicans-polling#11-02-2025
2025-11-03,2025-11-01,Global Strategy Group,Navigator Research,RV,1000,41.0,56.0,-15.0,,,appdonglolwiax9e7,https://navigatorresearch.org/wp-content/uploads/2025/11/Navigator-Topline-F11.03.25.pdf
2025-11-03,2025-10-31,YouGov,The Economist,A,1656,39.0,57.0,-18.0,,,appdonyoupuvacoaq,https://d3nkl3psvxxpe9.cloudfront.net/documents/econtoplines_IUIp7Sc.pdf
2025-11-03,2025-10-31,YouGov,The Economist,RV,1475,43.0,55.0,-12.0,,,appdonyouv0iakjbo,https://d3nkl3psvxxpe9.cloudfront.net/documents/econtoplines_IUIp7Sc.pdf
2025-11-04,2025-11-03,Emerson College,,RV,1000,41.1,49.4,-8.3,,,appdonemeqjttr16w,https://docs.google.com/spreadsheets/d/1-IAQE73c7vVIynxF_-FW_kdiPJrpUIrO/edit?usp=sharing&ouid=107857247170786005927&rtpof=true&sd=true
2025-11-06,2025-11-04,HarrisX/Harris Poll,Harvard CAPS,RV,2000,44.0,51.0,-7.0,,,appdonhar3dgidqsm,https://harvardharrispoll.com/wp-content/uploads/2025/11/HHP_Nov2025_KeyResults.pdf
2025-11-06,2025-10-29,RMG Research,Napolitan Institute,RV,3000,46.0,51.0,-5.0,,,appdonrmgtcgnbgl7,https://napolitannews.org/jobapproval#11-06-2025
2025-11-09,2025-11-06,Global Strategy Group,Navigator Research,RV,1000,40.0,58.0,-18.0,,,appdonglo966z559s,https://navigatorresearch.org/wp-content/uploads/2025/11/Navigator-Topline-F11.12.25.pdf.pdf
2025-11-09,2025-11-07,Grayhouse,America One Policies,RV,1475,45.0,53.0,-8.0,REP,,appdongrab5cafd63,https://cdn.prod.website-files.com/5d02aaade6188137a65c8441/69666f31b8e58737cc34f0a4_Gov%20Shutdown%20Wave%204%20Toplines.pdf
2025-11-09,2025-11-07,Morning Consult,,RV,2201,44.0,54.0,-10.0,,,appdonmorucyqyki7,https://pro.morningconsult.com/trackers/donald-trump-congress-policy-republicans-polling#11-09-2025
2025-11-10,2025-11-06,AP-NORC,,A,1143,36.0,62.0,-26.0,,,appdonap-dvl78qkg,https://apnorc.org/wp-content/uploads/2025/11/Nov-Topline-Final.pdf
2025-11-10,2025-11-07,YouGov,The Economist,A,1663,39.0,56.0,-17.0,,,appdonyou5w9zyvdp,https://d3nkl3psvxxpe9.cloudfront.net/documents/econTabReport_EAdEA3C.pdf
2025-11-10,2025-11-07,YouGov,The Economist,RV,1500,43.0,55.0,-12.0,,,appdonyouc08zfwvv,https://d3nkl3psvxxpe9.cloudfront.net/documents/econTabReport_EAdEA3C.pdf
2025-11-11,2025-10-29,Yale Youth Poll,,RV,3426,43.0,55.0,-12.0,,,appdonyalhmuv77kn,https://youthpoll.yale.edu/fall-2025-results
2025-11-12,2025-11-07,Ipsos,Reuters,A,1200,40.0,58.0,-18.0,,,appdonipsmkbw3oib,https://www.reuters.com/world/us/democrats-more-energized-2026-elections-than-republicans-reutersipsos-poll-finds-2025-11-13
2025-11-12,2025-11-05,Marquette University Law School,,A,1052,43.0,57.0,-14.0,,,appdonmargaizojka,https://law.marquette.edu/poll/wp-content/uploads/2025/11/MLSPSC29Toplines_NationalIssues.html
2025-11-12,2025-11-06,Morning Consult,,A,45000,41.0,52.0,-11.0,,,appdonmor4unhpvdh,https://pro.morningconsult.com/trackers/global-leader-approval#11-12-2025
2025-11-12,2025-11-11,Quantus Insights,,RV,1000,43.2,54.6,-11.4,,,appdonqua2tikr5rn,https://docs.google.com/spreadsheets/d/1hWBzli7svmD7m4Ew3enKOh6A8FtTDJRaQ-fMniwlXIc/edit?gid=1563426900#gid=1563426900
2025-11-12,2025-11-06,Survey 160,,RV,1513,36.0,61.0,-25.0,,,appdonsurzeugtvdw,https://www.survey160.com/methodological-research-blog/survey-160-tracking-poll-november-2025-update
2025-11-13,2025-11-10,Marist College,,A,1443,39.0,56.0,-17.0,,,appdonmarvlh8fhvv,https://maristpoll.marist.edu/wp-content/uploads/2025/11/NPR_PBS-News_Marist-Poll_USA-NOS-and-Tables_202511141156-1.pdf
2025-11-13,2025-11-10,Marist College,,RV,1291,40.0,57.0,-17.0,,,appdonmarkyn5na58,https://maristpoll.marist.edu/wp-content/uploads/2025/11/NPR_PBS-News_Marist-Poll_USA-NOS-and-Tables_202511141156-1.pdf
2025-11-13,2025-11-07,Morning Consult,"Deseret News,University of Utah Hinckley Institute of Politics",RV,1745,43.0,52.0,-9.0,,,appdonmorxx2u54hm,https://www.deseret.com/politics/2025/11/19/americans-not-supportive-trump-national-guard-states
2025-11-13,2025-11-05,RMG Research,Napolitan Institute,RV,3000,49.0,50.0,-1.0,,,appdonrmgn56ynmtj,https://napolitannews.org/jobapproval#11-13-2025
2025-11-14,2025-11-10,High Point University Survey Research Center,,A,1004,35.0,56.0,-21.0,,,appdonhigjpmiw91z,https://www.highpoint.edu/src/files/2023/08/HPUPoll-115-and-116-Memo.pdf
2025-11-14,2025-11-10,High Point University Survey Research Center,,RV,837,38.0,57.0,-19.0,,,appdonhigr0lxst4r,https://www.highpoint.edu/src/files/2023/08/HPUPoll-115-and-116-Registered-Voters.pdf
2025-11-14,2025-11-12,Verasight,Strength In Numbers,A,2038,41.0,57.0,-16.0,,,appdonverc532zv49,https://www.gelliottmorris.com/p/new-poll-democrats-lead-the-2026
2025-11-16,2025-11-14,Morning Consult,,RV,2201,46.0,52.0,-6.0,,,appdonmor8qnwnvr3,https://pro.morningconsult.com/trackers/donald-trump-congress-policy-republicans-polling#11-16-2025
2025-11-17,2025-11-14,Beacon Research/Shaw & Co. Research,Fox News,RV,1005,41.0,58.0,-17.0,,,appdonbeacx57szb6,https://www.foxnews.com/politics/fox-news-poll-voters-say-white-house-doing-more-harm-than-good-economy
2025-11-17,2025-11-13,Echelon Insights,,LV,1051,42.0,57.0,-15.0,,,appdonechrwxzl2uj,https://echelonin.wpenginepowered.com/wp-content/uploads/November-2025-Voter-Omnibus-Topline-External.pdf
2025-11-17,2025-11-14,Ipsos,Reuters,A,1017,38.0,60.0,-22.0,,,appdonips545ht7xg,https://www.reuters.com/world/us/trump-approval-falls-lowest-his-term-over-prices-epstein-files-reutersipsos-poll-2025-11-18/
2025-11-17,2025-11-10,The Argument/Verasight,,RV,1508,42.0,56.0,-14.0,,,appdonthe0gzyicx5,https://www.theargumentmag.com/p/the-covid-political-backlash-disappeared
2025-11-17,2025-11-15,The Winston Group,Winning the Issues,RV,1000,36.0,57.0,-21.0,REP,,appdonthe0c7b92d9,https://www.winningtheissues.org/wp-content/uploads/2026/01/November-2025-WTI-Survey.pdf
2025-11-17,2025-11-15,YouGov,The Economist,A,1549,40.0,56.0,-16.0,,,appdonyouxqgo8y7r,https://d3nkl3psvxxpe9.cloudfront.net/documents/econtoplines_Wnui9DE.pdf
2025-11-17,2025-11-15,YouGov,The Economist,RV,1382,43.0,56.0,-13.0,,,appdonyouo0vkxt1y,https://d3nkl3psvxxpe9.cloudfront.net/documents/econtoplines_Wnui9DE.pdf
2025-11-20,2025-11-17,American Research Group,,A,1100,35.0,62.0,-27.0,,,appdonamev9okztph,https://americanresearchgroup.com/economy#11-20-2025
2025-11-20,2025-11-17,American Research Group,,RV,999,35.0,62.0,-27.0,,,appdonameyuchr63e,https://americanresearchgroup.com/economy#11-20-2025
2025-11-20,2025-11-19,J.L. Partners,DailyMail.com,RV,1296,41.0,49.0,-8.0,,,appdonj.lyqlozsf7,https://jlpartners.com/nov25-rv
2025-11-20,2025-11-12,RMG Research,,RV,3000,46.0,53.0,-7.0,,,appdonrmgslu5yii0,https://napolitannews.org/jobapproval#11-20-2025
2025-11-21,2025-11-20,Big Data Poll,Public Polling Project,RV,2005,45.4,50.3,-4.9,,,appdonbigg39uc6u9,https://application.marketsight.com/app/ItemView.aspx?SharedFor=public%40bigdatapoll.com&SharedBy=34090&id=2a23a5f3-f950-4acc-b24d-b39d015c6dcf
2025-11-21,2025-11-18,Emerson College,Consensus Strategies,RV,1000,45.0,55.0,-10.0,,,appdoneme4pn77k53,https://docs.google.com/spreadsheets/d/1N9gTE6xBzxhtsuV4xJsa0fNCv36QPU9R/edit?rtpof=true&sd=true&gid=2021666590#gid=2021666590
2025-11-21,2025-11-20,InsiderAdvantage,,LV,800,44.0,49.0,-5.0,,,appdoninswpfgycmr,https://insideradvantage.com/insideradvantage-national-survey-trump-approval-recovering-approve-44-disapprove-49/
2025-11-21,2025-11-19,YouGov,CBS News,A,2489,40.0,60.0,-20.0,,,appdonyouhyfmdy15,https://www.scribd.com/document/953800077/cbsnews-20251123-SUN#from_embed
2025-11-23,2025-11-21,Morning Consult,,RV,2200,45.0,52.0,-7.0,,,appdonmordkn93gg9,https://pro.morningconsult.com/trackers/donald-trump-congress-policy-republicans-polling#11-23-2025
2025-11-24,2025-11-21,YouGov,The Economist,A,1677,38.0,57.0,-19.0,,,appdonyoukv887sam,https://d3nkl3psvxxpe9.cloudfront.net/documents/econtoplines_t1cr1bJ.pdf
2025-11-24,2025-11-21,YouGov,The Economist,RV,1511,43.0,56.0,-13.0,,,appdonyouqqbup3j0,https://d3nkl3psvxxpe9.cloudfront.net/documents/econtoplines_t1cr1bJ.pdf
2025-11-24,2025-11-20,YouGov,Yahoo News,A,1684,40.0,56.0,-16.0,,,appdonyou6abj1htw,https://www.yahoo.com/news/politics/article/poll-only-25-of-americans-think-trump-has-followed-through-on-his-promise-to-release-the-epstein-files-192207619.html?guce_referrer=aHR0cHM6Ly90LmNvLw&guce_referrer_sig=AQAAAKHALBHJRz7c8dPOzHBUwkSVwV_hIl9ocAdwfeHzS6K4r9hCWqQubH82m6uGKcd3Sez2zK4cmHtPq2PJTDMuRFvDi4RPOMjYfZBFybZOKv8VAOiQUfzTqOIid3rlFsCHkvhUTBEK20sEwQrlUniwUixD2QaPq-6goxzO4j23cR2b&guccounter=2
2025-11-24,2025-11-20,YouGov,Yahoo News,RV,1132,44.0,54.0,-10.0,,,appdonyou2zugxjx3,https://www.yahoo.com/news/politics/article/poll-only-25-of-americans-think-trump-has-followed-through-on-his-promise-to-release-the-epstein-files-192207619.html?guce_referrer=aHR0cHM6Ly90LmNvLw&guce_referrer_sig=AQAAAKHALBHJRz7c8dPOzHBUwkSVwV_hIl9ocAdwfeHzS6K4r9hCWqQubH82m6uGKcd3Sez2zK4cmHtPq2PJTDMuRFvDi4RPOMjYfZBFybZOKv8VAOiQUfzTqOIid3rlFsCHkvhUTBEK20sEwQrlUniwUixD2QaPq-6goxzO4j23cR2b&guccounter=2
2025-11-25,2025-11-03,Gallup,,A,1321,36.0,60.0,-24.0,,,appdongal0qsemjjl,https://news.gallup.com/poll/699221/trump-approval-rating-drops-new-second-term-low.aspx
2025-11-25,2025-11-21,The Bullfinch Group,,A,1200,39.0,54.0,-15.0,,,appdonthe6rwh050z,https://www.thebullfinchgroup.com/post/public-release-of-bullfinch-q4-nationwide-survey-3
2025-11-25,2025-11-21,The Bullfinch Group,,RV,1000,40.0,54.0,-14.0,,,appdonthez97ml2zg,https://www.thebullfinchgroup.com/post/public-release-of-bullfinch-q4-nationwide-survey-3
2025-11-26,2025-11-19,GBAO Strategies,Third Way,RV,2000,43.0,56.0,-13.0,,,appdongba9yclojzj,https://www.thirdway.org/memo/food-medicine-fuel-for-a-wave
2025-11-29,2025-11-25,TIPP Insights,Issues & Insights,A,1483,43.0,47.0,-4.0,,,appdontiponwz5p47,https://issuesinsights.com/2025/12/01/after-brief-decline-trump-leadership-gauges-regain-lost-ground-in-december-ii-tipp-poll/
2025-11-30,2025-11-01,ActiVote,,A,568,41.0,55.0,-14.0,,,appdonactomat29jp,https://www.activote.net/trumps-approval-takes-a-big-hit/
2025-11-30,2025-11-26,Morning Consult,,RV,2200,45.0,52.0,-7.0,,,appdonmory8j7ijsc,https://pro.morningconsult.com/trackers/donald-trump-congress-policy-republicans-polling#11-30-2025
2025-12-01,2025-11-28,Big Data Poll,Public Polling Project,RV,2008,45.0,51.0,-6.0,,,appdonbig3682ix8t,https://www.bigdatapoll.com/blog/trumps-third-world-immigration-moratorium-widely-popular/
2025-12-01,2025-11-28,YouGov,The Economist,A,1628,39.0,58.0,-19.0,,,appdonyouhq526g3r,https://d3nkl3psvxxpe9.cloudfront.net/documents/econtoplines_neyUICe.pdf
2025-12-01,2025-11-28,YouGov,The Economist,RV,1456,42.0,56.0,-14.0,,,appdonyou6u52np4v,https://d3nkl3psvxxpe9.cloudfront.net/documents/econtoplines_neyUICe.pdf
2025-12-04,2025-12-04,HarrisX/Harris Poll,Harvard CAPS,RV,2204,47.0,49.0,-2.0,,,appdonharmx0jungg,https://harvardharrispoll.com/wp-content/uploads/2025/12/HHP_Dec2025_KeyFindings.pdf
2025-12-04,2025-11-19,RMG Research,Napolitan Institute,RV,3000,45.0,53.0,-8.0,,,appdonrmgebwf33rk,https://napolitannews.org/jobapproval#12-04-2025
2025-12-05,2025-12-03,J.L. Partners,DailyMail.com,RV,1000,44.0,48.0,-4.0,,,appdonj.l6tp8q5sk,https://jlpartners.com/nationwide-registered-voters-december-2025
2025-12-05,2025-12-04,Quantus Insights,,RV,1000,43.0,53.0,-10.0,,,appdonquao0t63caq,https://drive.google.com/file/d/1cOyOMwoFoYuvZtAYFAuO1M9FIK7xenv7/view
2025-12-07,2025-12-05,John Zogby Strategies,,LV,1000,46.0,52.0,-6.0,,,appdonjohx3xwt1zv,https://johnzogbystrategies.com/wp-content/uploads/2025/12/Outlook-2026-Is-the-President-Bleeding-Independents_.html
2025-12-07,2025-12-05,Morning Consult,,RV,2201,45.0,52.0,-7.0,,,appdonmors3dmfvcm,https://pro.morningconsult.com/trackers/donald-trump-congress-policy-republicans-polling#12-07-2025
2025-12-08,2025-12-04,AP-NORC,,A,1146,36.0,61.0,-25.0,,,appdonap-av1wxkux,https://apnorc.org/projects/trumps-approval-rating-slips-on-the-economy-and-immigration#12-08-2025
2025-12-08,2025-12-04,Global Strategy Group,Navigator Research,RV,1000,42.0,56.0,-14.0,,,appdonglou4oou1cy,https://navigatorresearch.org/wp-content/uploads/2025/12/Navigator-Topline-F12.08.25.pdf
2025-12-08,2025-12-04,Hart Research Associates/Public Opinion Strategies,CNBC,A,1000,45.0,52.0,-7.0,,,appdonhar6a2d6vpn,https://fm.cnbc.com/applications/cnbc.com/resources/editorialfiles/2025/12/16/TOPLINES_250313_CNBC_AAES_Q4_2025_new.pdf
2025-12-08,2025-12-03,Ipsos,Reuters,A,4434,41.0,57.0,-16.0,,,appdonipshu4scfoz,https://www.reuters.com/world/trump-approval-rating-rises-republicans-back-cost-of-living-efforts-2025-12-09/
2025-12-08,2025-11-20,SurveyMonkey,NBC News Decision Desk,A,20252,42.0,58.0,-16.0,,,appdonsurn8scm1gq,https://www.documentcloud.org/documents/26376521-nbc-news-decision-desk-poll-nov-dec-2025-topline/
2025-12-08,2025-12-05,YouGov,The Economist,A,1530,41.0,55.0,-14.0,,,appdonyoutravnrua,https://d3nkl3psvxxpe9.cloudfront.net/documents/econtoplines_IoqnUWW.pdf
2025-12-08,2025-12-05,YouGov,The Economist,RV,1380,43.0,54.0,-11.0,,,appdonyoupyheneas,https://d3nkl3psvxxpe9.cloudfront.net/documents/econtoplines_IoqnUWW.pdf
2025-12-10,2025-12-09,Tavern Research,Searchlight Institute,LV,1567,45.0,53.0,-8.0,,,appdontav4tnge0fu,https://www.searchlightinstitute.org/research/voters-want-a-fairer-deal-for-workers
2025-12-11,2025-12-04,Clarity Campaign Labs,,LV,1000,44.0,55.0,-11.0,,,appdonclaqjqb0jq5,https://www.claritycampaigns.com/clarity-omnibus-dec-2025
2025-12-11,2025-12-08,Marist College,NPR/PBS News,A,1440,38.0,54.0,-16.0,,,appdonmarovht9lrh,https://maristpoll.marist.edu/wp-content/uploads/2025/12/NPR_PBS-News_Marist-Poll_202512121052-1.pdf
2025-12-11,2025-12-08,Marist College,NPR/PBS News,RV,1261,40.0,55.0,-15.0,,,appdonmar0wmky3hk,https://maristpoll.marist.edu/wp-content/uploads/2025/12/NPR_PBS-News_Marist-Poll_202512121052-1.pdf
2025-12-11,2025-12-03,RMG Research,Napolitan Institute,RV,3000,47.0,51.0,-4.0,,,appdonrmgpa7utfk5,https://napolitannews.org/jobapproval#12-11-2025
2025-12-12,2025-12-10,Big Data Poll,Public Polling Project,RV,3004,47.0,49.9,-2.9,,,appdonbigd0zlm9o0,https://application.marketsight.com/app/ItemView.aspx?SharedFor=public%40bigdatapoll.com&SharedBy=34090&id=d44d9751-22bd-489a-a372-b3b3002c437f
2025-12-13,2025-12-13,Tavern Research,The Rainey Center,LV,1247,43.0,54.0,-11.0,,,appdontav1nfwx93z,https://cdn.prod.website-files.com/663a60b91deeae06e8ae1d1c/6942f9f6c7ed0499b17454ea_Rainey%20December%20Omnibus%20Toplines.pdf
2025-12-14,2025-12-08,Morning Consult,,A,45000,43.0,51.0,-8.0,,,appdonmorn5a90f8e,https://pro.morningconsult.com/trackers/global-leader-approval#12-14-2025
2025-12-15,2025-12-12,Beacon Research/Shaw & Co. Research,Fox News,RV,1001,44.0,56.0,-12.0,,,appdonbeajjs54gu1,https://www.foxnews.com/politics/fox-news-poll-prices-pinch-voters-see-trump-focused-elsewhere
2025-12-15,2025-12-11,Echelon Insights,,LV,1011,45.0,55.0,-10.0,,,appdonechxaors3cs,https://echelonin.wpenginepowered.com/wp-content/uploads/December-2025-Omnibus-Topline-External.pdf
2025-12-15,2025-12-14,Emerson College,,RV,1000,41.0,50.0,-9.0,,,appdoneme0aayndhd,https://docs.google.com/spreadsheets/d/1ijYCY9YJ_NZhP0lqQxdzXBFrCemfeQ_2/edit?gid=2139865723#gid=2139865723
2025-12-15,2025-12-01,Gallup,,A,1016,36.0,59.0,-23.0,,,appdongallbzex0uj,https://news.gallup.com/poll/700241/americans-end-year-gloomy-mood.aspx
2025-12-15,2025-12-12,Morning Consult,,RV,2201,46.0,52.0,-6.0,,,appdonmora3fxyfel,https://pro.morningconsult.com/trackers/donald-trump-congress-policy-republicans-polling#12-15-2025
2025-12-15,2025-12-11,Quinnipiac University,,RV,1035,40.0,54.0,-14.0,,,appdonquisp2v5fab,https://poll.qu.edu/images/polling/us/us12172025_ugli25.pdf
2025-12-15,2025-12-12,YouGov,The Economist,A,1632,42.0,54.0,-12.0,,,appdonyouvro2hbal,https://d3nkl3psvxxpe9.cloudfront.net/documents/econtoplines_Z19KY8S.pdf
2025-12-15,2025-12-12,YouGov,The Economist,RV,1453,43.0,55.0,-12.0,,,appdonyouur5qwxio,https://d3nkl3psvxxpe9.cloudfront.net/documents/econtoplines_Z19KY8S.pdf
2025-12-16,2025-12-09,Echelon Insights/GBAO,AARP,LV,2023,44.0,55.0,-11.0,,,appdoneche96a4a55,https://www.aarp.org/content/dam/aarp/research/topics/work-finances-retirement/financial-security-retirement/shes-the-difference-financial-security-annotated-questionnaire.doi.10.26419-2fres.01033.002.pdf
2025-12-16,2025-12-15,Quantus Insights,,LV,1000,44.0,53.0,-9.0,,,appdonquamt1ersoh,https://drive.google.com/file/d/14uRV2kwTVNEO4EIXGv7TCQZtmlMK0owX/view
2025-12-17,2025-12-09,Susquehanna Polling & Research,,RV,,38.0,56.0,-18.0,,,appdonsusnemxp2w5,https://www.youtube.com/watch?app=desktop&v=-DG-SOfYlo4
2025-12-18,2025-12-10,RMG Research,Napolitan Institute,RV,3000,50.0,49.0,1.0,,,appdonrmgg9kr1cyu,https://napolitannews.org/jobapproval#12-18-2025
2025-12-19,2025-12-15,AtlasIntel,,A,2315,39.3,59.6,-20.3,,,appdonatltcesfj19,https://cdn.atlasintel.org/b04a7568-81b3-478f-a785-d5e5902941d4.pdf?_gl=1*1fyq2oz*_ga*MTM0MTUwMDU0My4xNzY2MTk1NTU4*_ga_W78QD5CNP1*czE3NjYxOTU1NTckbzEkZzAkdDE3NjYxOTU5MzckajYwJGwwJGgw
2025-12-19,2025-12-12,McLaughlin & Associates,,LV,1000,50.0,47.0,3.0,,,appdonmcl39opki8a,https://mclaughlinonline.com/pols/wp-content/uploads/2025/12/National-December-Presentation-Release-12-19-25.pdf
2025-12-19,2025-12-17,YouGov,CBS News,A,2300,41.0,59.0,-18.0,,,appdonyoucax9vfcm,https://www.cbsnews.com/news/opinion-poll-cost-of-living-trump#12-19-2025
2025-12-20,2025-12-17,American Research Group,,A,1100,35.0,62.0,-27.0,,,appdonamewlcr0e4k,https://americanresearchgroup.com/economy#12-20-2025
2025-12-20,2025-12-17,American Research Group,,RV,999,35.0,62.0,-27.0,,,appdonamegancq1nl,https://americanresearchgroup.com/economy#12-20-2025
2025-12-20,2025-12-19,InsiderAdvantage,,LV,800,50.0,41.0,9.0,,,appdoninslpx5pgjz,https://insideradvantage.com/insideradvantage-national-survey-trump-approval-at-fifty-percent/
2025-12-21,2025-12-20,J.L. Partners,DailyMail.com,RV,1000,43.0,47.0,-4.0,,,appdonj.lxft9ej1s,https://www.dailymail.co.uk/news/article-15420375/amp/donald-trump-polling-affordability-crisis.html
2025-12-21,2025-12-19,Morning Consult,,RV,2203,45.0,52.0,-7.0,,,appdonmor3h585zlb,https://pro.morningconsult.com/trackers/donald-trump-congress-policy-republicans-polling#12-21-2025
2025-12-22,2025-12-20,YouGov,The Economist,A,1592,39.0,57.0,-18.0,,,appdonyouojmij7tf,https://d3nkl3psvxxpe9.cloudfront.net/documents/econtoplines_s4jyXBa.pdf
2025-12-22,2025-12-20,YouGov,The Economist,RV,1425,42.0,56.0,-14.0,,,appdonyoui3v5h7me,https://d3nkl3psvxxpe9.cloudfront.net/documents/econtoplines_s4jyXBa.pdf
2025-12-27,2025-12-26,Trafalgar Group,,LV,1098,50.0,45.0,5.0,REP,,appdontrayhnn3aqw,https://www.thetrafalgargroup.org/wp-content/uploads/2025/12/National-25-Trump-Approval-Report-1228.pdf
2025-12-28,2025-12-26,Big Data Poll,Public Polling Project,LV,3412,47.3,49.7,-2.4,,,appdonbigkm51ihs7,https://www.bigdatapoll.com/blog/trump-improves-democrats-lead-generic-ballot-in-final-poll-for-2025/
2025-12-29,2025-12-26,YouGov,The Economist,A,1550,39.0,56.0,-17.0,,,appdonyouc0hljje6,https://d3nkl3psvxxpe9.cloudfront.net/documents/econTabReport_h1aYmmb.pdf
2025-12-29,2025-12-26,YouGov,The Economist,RV,1420,42.0,55.0,-13.0,,,appdonyouku74xlkc,https://d3nkl3psvxxpe9.cloudfront.net/documents/econTabReport_h1aYmmb.pdf
2026-01-03,2025-12-30,The Bullfinch Group,The Independent Center,A,1200,38.0,58.0,-20.0,,,appdontheiary3a4e,https://cdn.prod.website-files.com/68d1c32ec01e1d1f6a86e801/6957e70d6a2531a1b867adaa_ICV%202026%20Nationwide%20250th%20Study%20Toplines%20-%20FINAL.pdf
2026-01-03,2025-12-30,The Bullfinch Group,The Independent Center,RV,1000,40.0,57.0,-17.0,,,appdonthefuh5rjqd,https://cdn.prod.website-files.com/68d1c32ec01e1d1f6a86e801/6957e70d6a2531a1b867adaa_ICV%202026%20Nationwide%20250th%20Study%20Toplines%20-%20FINAL.pdf
2026-01-04,2025-12-29,Morning Consult,,A,45000,43.0,51.0,-8.0,,,appdonmor8yl39gvm,https://pro.morningconsult.com/trackers/global-leader-approval#01-04-2026
2026-01-04,2026-01-02,Morning Consult,,RV,2201,46.0,51.0,-5.0,,,appdonmorkxajhef2,https://pro.morningconsult.com/trackers/donald-trump-congress-policy-republicans-polling#01-04-2026
2026-01-05,2026-01-04,Ipsos,Reuters,A,1248,42.0,56.0,-14.0,,,appdonipshtqgkk03,https://www.reuters.com/world/americas/only-33-americans-approve-us-strike-venezuela-reutersipsos-poll-finds-2026-01-05/
2026-01-05,2026-01-02,YouGov,The Economist,A,1551,39.0,56.0,-17.0,,,appdonyoukkhzphom,https://d3nkl3psvxxpe9.cloudfront.net/documents/econtoplines_EO7XvNO.pdf
2026-01-05,2026-01-02,YouGov,The Economist,RV,1389,43.0,55.0,-12.0,,,appdonyouxjtwkhuy,https://d3nkl3psvxxpe9.cloudfront.net/documents/econtoplines_EO7XvNO.pdf
2026-01-07,2026-01-05,YouGov,CBS News,A,2325,41.0,59.0,-18.0,,,appdonyou0zvjs45c,https://www.cbsnews.com/news/u-s-actions-venezuela-opinion-poll/
2026-01-07,2026-01-02,Zogby Analytics,,LV,891,43.5,55.1,-11.6,,,appdonzogyf5imlik,https://zogbyanalytics.com/news/1232-the-zogby-poll-r-latest-likely-voter-survey-results
2026-01-08,2026-01-05,RMG Research,Napolitan Institute,RV,2000,47.0,51.0,-4.0,,,appdonrmg8ac41jwq,https://napolitannews.org/jobapproval#01-08-2026
2026-01-09,2026-01-06,TIPP Insights,Issues & Insights,A,1478,40.0,51.0,-11.0,,,appdontip8senk9on,https://tippinsights.com/with-america-divided-can-trump-boost-his-approval-ratings-with-an-improving-economy-i-i-tipp-poll/
2026-01-11,2026-01-08,AP-NORC,,A,1203,40.0,59.0,-19.0,,,appdonap-rfim7rva,https://apnorc.org/projects/fewer-want-the-u-s-to-take-an-active-role-in-global-affairs
2026-01-11,2026-01-09,RealClear Opinion Research,Unite America,RV,1500,40.0,50.0,-10.0,,,appdonrea8cllgxjw,https://docsend.com/view/vnuwapsu252g3au7
2026-01-12,2026-01-09,CNN/SSRS,,A,1209,39.0,61.0,-22.0,,,appdoncnne20j51eu,https://s3.documentcloud.org/documents/26490187/cnn-poll-on-trump-at-one-year.pdf
2026-01-12,2026-01-09,CNN/SSRS,,RV,,40.0,59.0,-19.0,,,appdoncnnva5l7lp3,https://s3.documentcloud.org/documents/26490187/cnn-poll-on-trump-at-one-year.pdf
2026-01-12,2026-01-08,Global Strategy Group,Navigator Research,RV,1000,42.0,56.0,-14.0,,,appdongloawmdqqoa,https://navigatorresearch.org/wp-content/uploads/2026/01/Navigator-January-1-Topline-F01.12.26.pdf
2026-01-12,2026-01-09,Morning Consult,,RV,2201,45.0,53.0,-8.0,,,appdonmoraglt3dhb,https://pro.morningconsult.com/trackers/donald-trump-congress-policy-republicans-polling#01-12-2026
2026-01-12,2026-01-08,Quinnipiac University,,RV,1133,40.0,54.0,-14.0,,,appdonquix085r0yl,https://poll.qu.edu/images/polling/us/us01142026_uphx88.pdf
2026-01-12,2026-01-08,The Winston Group,Winning the Issues,RV,1000,40.0,52.0,-12.0,REP,,appdonthe51798ddf,https://www.winningtheissues.org/wp-content/uploads/2026/01/January-2026-WTI-Survey.pdf
2026-01-12,2026-01-09,YouGov,The Economist,A,1602,40.0,54.0,-14.0,,,appdonyou2z9j8i2m,https://d3nkl3psvxxpe9.cloudfront.net/documents/econtoplines_YpmxDW2.pdf
2026-01-12,2026-01-09,YouGov,The Economist,RV,1437,44.0,54.0,-10.0,,,appdonyouk68gf9yc,https://d3nkl3psvxxpe9.cloudfront.net/documents/econtoplines_YpmxDW2.pdf
2026-01-12,2026-01-08,YouGov,Yahoo News,A,1709,40.0,56.0,-16.0,,,appdonyouaky4eul5,https://www.scribd.com/document/980617250/Yahoo-YouGov-ICE-Poll-January-2026
2026-01-12,2026-01-08,YouGov,Yahoo News,RV,1149,43.0,56.0,-13.0,,,appdonyoumypn0efn,https://www.scribd.com/document/980617250/Yahoo-YouGov-ICE-Poll-January-2026
2026-01-13,2026-01-08,Impact Research/National Research,The Wall Street Journal,RV,1500,45.0,54.0,-9.0,,,appdonimpf5awf66t,https://www.wsj.com/politics/elections/trump-approval-rating-economy-poll-b3a62e57
2026-01-13,2026-01-12,Ipsos,Reuters,A,1217,41.0,58.0,-17.0,,,appdonipsj3ugshfw,https://www.ipsos.com/en-us/americans-oppose-using-military-force-take-possession-greenland
2026-01-13,2026-01-12,Marist College,,A,1408,38.0,56.0,-18.0,,,appdonmar54fsu5p4,https://maristpoll.marist.edu/wp-content/uploads/2026/01/Marist-Poll_USA-NOS-and-Tables_202601141623.pdf
2026-01-13,2026-01-12,Marist College,,RV,1222,39.0,57.0,-18.0,,,appdonmarlfecbqcv,https://maristpoll.marist.edu/wp-content/uploads/2026/01/Marist-Poll_USA-NOS-and-Tables_202601141623.pdf
2026-01-14,2026-01-13,Public Policy Polling,Progress Action Fund,RV,597,44.0,52.0,-8.0,DEM,,appdonpubawt4qo35,https://drive.google.com/file/d/1iHoieThBdqtE4vH3gDLGzOI334wGWU6_/view
2026-01-14,2026-01-07,RMG Research,Napolitan Institute,RV,3000,48.0,51.0,-3.0,,,appdonrmgb1aryes0,https://napolitannews.org/jobapproval#01-14-2026
2026-01-15,2026-01-13,Research Co.,,A,1002,42.0,53.0,-11.0,,,appdonreskozw540d,https://researchco.ca/2026/01/26/amendment
2026-01-16,2026-01-14,YouGov,CBS News,A,2523,41.0,59.0,-18.0,,,appdonyou1k2jxt9f,https://assets1.cbsnewsstatic.com/hub/cms/prod_cms_alt/file/2026/01/18/cdcd747f-4147-4289-813f-d555f2aca600/cbs_news_poll___january_14-16__2026.pdf
2026-01-17,2026-01-12,The New York Times/Siena College,,RV,1625,40.0,56.0,-16.0,,,appdonthe9u0n6jlc,https://www.nytimes.com/interactive/2026/01/22/polls/times-siena-national-poll-crosstabs.html
2026-01-18,2026-01-16,Morning Consult,,RV,2201,46.0,51.0,-5.0,,,appdonmorw7rzelsq,https://pro.morningconsult.com/trackers/donald-trump-congress-policy-republicans-polling#01-18-2026
2026-01-18,2026-01-16,YouGov,,A,1095,39.0,57.0,-18.0,,,appdonyou1lu1pd5c,https://d3nkl3psvxxpe9.cloudfront.net/documents/Evaluations_of_Trump_s_Presidency_poll_results.pdf
2026-01-19,2026-01-17,Emerson College,,LV,1000,43.2,51.3,-8.1,,,appdonemeb4q3cp8w,https://docs.google.com/spreadsheets/d/1JN0akF_-HHyL8gVAeNm-y7r4cmyJqRsB/edit?rtpof=true&sd=true&gid=1734735931#gid=1734735931
2026-01-19,2026-01-16,YouGov,The Economist,A,1722,37.0,57.0,-20.0,,,appdonyouirkxj92x,https://d3nkl3psvxxpe9.cloudfront.net/documents/econtoplines_ZEHeJBk.pdf
2026-01-19,2026-01-16,YouGov,The Economist,RV,1549,41.0,56.0,-15.0,,,appdonyoubu240qb9,https://d3nkl3psvxxpe9.cloudfront.net/documents/econtoplines_ZEHeJBk.pdf
2026-01-20,2026-01-16,American Research Group,,A,1100,35.0,63.0,-28.0,,,appdonameoqvalz70,https://americanresearchgroup.com/economy#01-20-2026
2026-01-20,2026-01-16,Angus Reid Global,,A,1838,37.0,56.0,-19.0,,,appdonangoi700vnj,https://angusreid.org/wp-content/uploads/2026/01/2026.01.21_Trump_Year_One_USA.pdf
2026-01-20,2026-01-14,Verasight,Strength In Numbers,A,1532,40.0,58.0,-18.0,,,appdonvert460imor,https://www.gelliottmorris.com/p/new-poll-trump-slips-on-immigration
2026-01-21,2026-01-14,RMG Research,Napolitan Institute,RV,3000,47.0,51.0,-4.0,,,appdonrmgq67csw6s,https://napolitannews.org/jobapproval#01-21-2026
2026-01-21,2026-01-17,Tavern Research,Searchlight Institute,LV,2997,44.0,53.0,-9.0,,,appdontavefac2799,https://www.searchlightinstitute.org/wp-content/uploads/2026/05/Searchlight-Health-Care-Policy-Poll-Toplines-May-2026.pdf
2026-01-22,2026-01-15,Clarity Campaign Labs,,LV,1147,43.0,56.0,-13.0,,,appdoncla6hf61oud,https://www.claritycampaigns.com/clarity-omnibus-jan-2026
2026-01-22,2026-01-20,Quantus Insights,,RV,1000,43.5,51.6,-8.1,,,appdonquazicc1jei,https://v0-quantus-insights-website.vercel.app/polls/2601412-weighted-ziw7630t?tab=toplines
2026-01-22,2026-01-16,YouGov,,A,2226,38.0,58.0,-20.0,,,appdonyoumv29190e,https://d3nkl3psvxxpe9.cloudfront.net/documents/Trump_Issue_Handling_poll_results_84DsE0W.pdf
2026-01-24,2026-01-22,Big Data Poll,Public Polling Project,RV,3820,44.8,51.9,-7.1,,,appdonbigixasarkn,https://application.marketsight.com/app/ItemView.aspx?SharedFor=public%40bigdatapoll.com&SharedBy=34090&id=7464a386-37f1-447f-b5d3-b3df00061e28
2026-01-24,2026-01-24,Tavern Research,,LV,506,42.0,56.0,-14.0,,,appdontav0387c434,https://static1.squarespace.com/static/686b269a2105425a3d1bd533/t/6975927b1163740c4b1606ea/1769312891227/Toplines+-+Auto+Current+Events+Survey+20260124_202814.pdf
2026-01-25,2026-01-23,Ipsos,Reuters,A,1139,38.0,59.0,-21.0,,,appdonips35ma8bgb,https://www.reuters.com/data/trumps-approval-rating-2025-01-21
2026-01-25,2026-01-23,Morning Consult,,RV,2201,46.0,51.0,-5.0,,,appdonmorjszh6lmk,https://pro.morningconsult.com/trackers/donald-trump-congress-policy-republicans-polling#01-25-2026
2026-01-26,2026-01-23,Beacon Research/Shaw & Co. Research,Fox News,RV,1005,44.0,56.0,-12.0,,,appdonbeaaqg915ro,https://static.foxnews.com/foxnews.com/content/uploads/2026/01/fox_january-23-26_national_topline_january-28-release.pdf
2026-01-26,2026-01-22,Echelon Insights,,LV,1029,41.0,57.0,-16.0,,,appdonech5dx0pl4u,https://echelonin.wpenginepowered.com/wp-content/uploads/January-2026-Voter-Omnibus-Topline.pdf
2026-01-26,2026-01-26,J.L. Partners,,RV,1037,41.0,51.0,-10.0,,,appdonj.l8v4l42my,https://jlpartners.com/nationwide-registered-voters-january-2026
2026-01-26,2026-01-20,Pew Research Center,,A,8512,37.0,61.0,-24.0,,,appdonpew3a95a67c,https://docs.google.com/spreadsheets/d/1VkONJuHHujySkkXJmJbyd5jR-z1ZPoXG8-THGRNyJVo/edit?gid=0#gid=0
2026-01-26,2026-01-23,Tavern Research,Searchlight Institute,LV,1508,42.0,56.0,-14.0,,,appdontavwaaox737,https://www.searchlightinstitute.org/wp-content/uploads/2026/01/Memo-Play-Hardball-and-Use-Your-Leverage-to-Reform-ICE.pdf
2026-01-26,2026-01-23,YouGov,The Economist,RV,1520,41.0,57.0,-16.0,,,appdonyouir4wskln,https://d3nkl3psvxxpe9.cloudfront.net/documents/econTabReport_8FWGyNz.pdf#page=6
2026-01-26,2026-01-23,YouGov,The Economist,A,1684,39.0,57.0,-18.0,,,appdonyouiq197rz5,https://d3nkl3psvxxpe9.cloudfront.net/documents/econTabReport_8FWGyNz.pdf#page=6
2026-01-27,2026-01-26,The Argument/Verasight,,RV,1515,42.0,57.0,-15.0,,,appdonthean8n5ggy,https://www.theargumentmag.com/p/immigration-is-turning-into-a-disaster
2026-01-28,2026-01-21,Marquette University Law School,,A,1003,42.0,58.0,-16.0,,,appdonmarudnv4ovf,https://law.marquette.edu/assets/community/poll/MLSPSC30/MLSPSC30Crosstabs_NationalIssues.html
2026-01-28,2026-01-21,Marquette University Law School,,RV,869,43.0,57.0,-14.0,,,appdonmardpnnyzix,https://law.marquette.edu/assets/community/poll/MLSPSC30/MLSPSC30Crosstabs_NationalIssues.html
2026-01-28,2026-01-21,RMG Research,Napolitan Institute,RV,3000,48.0,51.0,-3.0,,,appdonrmg9n6vbzf5,https://napolitannews.org/jobapproval#01-28-2026
2026-01-29,2026-01-28,HarrisX/Harris Poll,Harvard CAPS,RV,2000,45.0,51.0,-6.0,,,appdonharrft8ggrb,https://harvardharrispoll.com/wp-content/uploads/2026/02/HHP_Jan2026_KeyResults.pdf
2026-01-29,2026-01-27,TIPP Insights,Issues & Insights,A,1384,40.0,51.0,-11.0,,,appdontipdeib22ht,https://issuesinsights.com/2026/02/02/despite-trumps-triumphs-his-presidential-favorability-ratings-remain-stuck-in-a-rut-ii-tipp-poll
2026-01-30,2026-01-27,Marist University,NPR; PBS News,RV,1326,39.0,57.0,-18.0,,,appdonmar3305ea0f,https://maristpoll.marist.edu/wp-content/uploads/2026/02/NPR_PBS-News_Marist-Poll_USA-NOS-and-Tables_202602021147.pdf
2026-01-30,2026-01-27,Marist University,NPR; PBS News,A,1462,39.0,56.0,-17.0,,,appdonmarcd87fc64,https://maristpoll.marist.edu/wp-content/uploads/2026/02/NPR_PBS-News_Marist-Poll_USA-NOS-and-Tables_202602021147.pdf
2026-01-30,2026-01-29,Public Policy Polling,,RV,652,39.0,56.0,-17.0,,,appdonpubfjsb1ng2,https://e1.nmcdn.io/assets/ppp/wp-content/uploads/2026/01/January2026NationalSurvey.pdf
2026-01-31,2026-01-01,ActiVote,,A,490,44.0,52.7,-8.7,,,appdonactrbvz88ez,https://www.activote.net/trumps-approval-back-to-normal/
2026-02-01,2026-01-29,Global Strategy Group,Navigator Research,RV,1000,41.0,56.0,-15.0,,,appdongloisilo771,https://navigatorresearch.org/wp-content/uploads/2026/02/Navigator-Update-02.04.2026.pdf
2026-02-01,2026-01-31,InsiderAdvantage,,LV,1000,50.0,49.0,1.0,,,appdonins53c3ftzs,https://insideradvantage.com/insideradvantage-national-survey-trump-bounces-back-to-50-approval-nearly-60-say-melania-trump-media-coverage-is-biased
2026-02-01,2026-01-30,Morning Consult,,RV,2201,45.0,53.0,-8.0,,,appdonmorsddhhhe9,https://pro.morningconsult.com/trackers/donald-trump-congress-policy-republicans-polling#02-01-2026
2026-02-02,2026-01-29,Quinnipiac University,,RV,1191,37.0,56.0,-19.0,,,appdonquic9989479,https://poll.qu.edu/images/polling/us/us02042026_ubad67.pdf
2026-02-02,2026-01-30,YouGov,The Economist,RV,1504,42.0,55.0,-13.0,,,appdonyou6lwikt2e,https://d3nkl3psvxxpe9.cloudfront.net/documents/econTabReport_DDIQ8jz.pdf
2026-02-02,2026-01-30,YouGov,The Economist,A,1672,40.0,54.0,-14.0,,,appdonyoueci1w1p7,https://d3nkl3psvxxpe9.cloudfront.net/documents/econTabReport_DDIQ8jz.pdf
2026-02-05,2026-02-04,John Zogby Strategies,,LV,1000,44.0,54.0,-10.0,,,appdonjoh2c92m9qg,https://johnzogbystrategies.com/the-presidents-approval-ratings-underwater-on-overall-job-all-key-voter-issues
2026-02-05,2026-01-28,RMG Research,Napolitan Institute,RV,3000,46.0,53.0,-7.0,,,appdonrmga01d24a7,https://napolitannews.org/jobapproval#02-05-2026
2026-02-06,2026-01-27,SurveyMonkey,NBC News Decision Desk,A,21995,39.0,61.0,-22.0,,,appdonsur4f42707e,https://legacy.www.documentcloud.org/documents/26948008-nbc-news-decision-desk-poll-jan-feb-2026-topline
2026-02-08,2026-02-05,AP-NORC,,A,1156,36.0,62.0,-26.0,,,appdonap-f6c616f9,https://apnorc.org/wp-content/uploads/2026/02/February-2026-Topline_Immigration.pdf
2026-02-08,2026-02-02,Morning Consult,,A,45000,40.0,54.0,-14.0,,,appdonmorf0805c3f,https://pro.morningconsult.com/trackers/global-leader-approval#02-08-2026
2026-02-09,2026-02-06,GBAO Strategies,,RV,1000,43.0,57.0,-14.0,,,appdongba3751835c,https://www.politico.com/f/?id=0000019c-4aa8-d3b5-addf-eaec955d0000
2026-02-09,2026-02-06,Morning Consult,,RV,2200,44.0,53.0,-9.0,,,appdonmorchldwn82,https://pro.morningconsult.com/trackers/donald-trump-congress-policy-republicans-polling#02-09-2026
2026-02-09,2026-02-06,YouGov,The Economist,RV,1551,40.0,57.0,-17.0,,,appdonyou41jqp8oy,https://d3nkl3psvxxpe9.cloudfront.net/documents/econTabReport_vNnwPx2.pdf
2026-02-09,2026-02-06,YouGov,The Economist,A,1730,37.0,56.0,-19.0,,,appdonyou3qratawp,https://d3nkl3psvxxpe9.cloudfront.net/documents/econTabReport_vNnwPx2.pdf
2026-02-10,2026-02-10,Focaldata,,A,1148,34.0,53.0,-19.0,,,appdonfoc89318f13,https://www.focaldata.com/blog/cost-of-living-fuelling-democrat-strength-in-new-midterms-polling
2026-02-10,2026-02-04,The Argument/Verasight,,RV,3003,42.0,57.0,-15.0,,,appdonthe8c0cdf81,https://www.theargumentmag.com/p/the-trans-rights-backlash-is-real
2026-02-12,2026-02-04,RMG Research,Napolitan Institute,RV,3000,47.0,51.0,-4.0,,,appdonrmgae3bbeb2,https://napolitannews.org/jobapproval#02-12-2026
2026-02-12,2026-02-09,YouGov,Yahoo News,A,1704,38.0,58.0,-20.0,,,appdonyou3qg30s5c,https://www.yahoo.com/news/politics/article/poll-trumps-approval-rating-hits-new-low-as-immigration-backlash-grows-and-ice-withdraws-from-minnesota-204723473.html
2026-02-12,2026-02-09,YouGov,Yahoo News,RV,1149,42.0,56.0,-14.0,,,appdonyou386e2a03,https://www.yahoo.com/news/politics/article/poll-trumps-approval-rating-hits-new-low-as-immigration-backlash-grows-and-ice-withdraws-from-minnesota-204723473.html
2026-02-13,2026-02-10,Morning Consult,Deseret News; University of Utah Hinckley Institute of Politics,RV,2002,42.0,55.0,-13.0,,,appdonmora819591f,https://www.deseret.com/politics/2026/02/23/president-donald-trump-national-utah-approval-rating
2026-02-13,2026-02-12,Quantus Insights,,LV,1515,43.0,56.0,-13.0,,,appdonqua315a942f,https://drive.google.com/file/d/1oJf00_QCTUCxMvNoNnRMRKj97lQ5S5pP/view
2026-02-16,2026-02-13,Ipsos,Reuters,A,1117,38.0,60.0,-22.0,,,appdonipsd9848d53,https://www.reuters.com/data/trumps-approval-rating-2025-01-21
2026-02-16,2026-02-13,Morning Consult,,RV,2200,43.0,55.0,-12.0,,,appdonmor9fed4b5b,https://pro.morningconsult.com/trackers/donald-trump-congress-policy-republicans-polling#02-16-2026
2026-02-16,2026-02-13,YouGov,The Economist,A,1682,39.0,56.0,-17.0,,,appdonyoub369b74a,https://d3nkl3psvxxpe9.cloudfront.net/documents/econTabReport_usZL1Jt.pdf
2026-02-16,2026-02-13,YouGov,The Economist,RV,1512,43.0,55.0,-12.0,,,appdonyouc8a3e4eb,https://d3nkl3psvxxpe9.cloudfront.net/documents/econTabReport_usZL1Jt.pdf
2026-02-17,2026-02-12,Ipsos,The Washington Post; ABC News,RV,2087,41.0,58.0,-17.0,,,appdonips922d42ad,https://docs.google.com/spreadsheets/d/17c2tXnNkasvEwK2aW8yF2PizYJfge7UsZAA7-5FrV6k/edit
2026-02-17,2026-02-12,Ipsos,The Washington Post; ABC News,A,2589,39.0,60.0,-21.0,,,appdonipsc32ad5ec,https://docs.google.com/spreadsheets/d/17c2tXnNkasvEwK2aW8yF2PizYJfge7UsZAA7-5FrV6k/edit
2026-02-18,2026-02-16,Big Data Poll,1776 Law Center,RV,2012,42.4,54.6,-12.2,,,appdonbigea511896,https://application.marketsight.com/app/ItemView.aspx?SharedFor=public%40bigdatapoll.com&SharedBy=34090&id=85c98324-ccc5-43dc-93e6-b3f60172d1fe
2026-02-18,2026-02-16,Big Data Poll,1776 Law Center,LV,1805,43.6,54.6,-11.0,,,appdonbigc6e4d357,https://application.marketsight.com/app/ItemView.aspx?SharedFor=public%40bigdatapoll.com&SharedBy=34090&id=85c98324-ccc5-43dc-93e6-b3f60172d1fe
2026-02-18,2026-02-13,Bowling Green State University/YouGov,,RV,1200,41.0,58.0,-17.0,,,appdonbow31746f11,https://scholarworks.bgsu.edu/cgi/viewcontent.cgi?article=1017&context=depo
2026-02-18,2026-02-05,Change Research,,RV,1741,43.0,55.0,-12.0,,,appdoncha5a7531f8,https://changeresearch.com/voters-voice-frustration-and-financial-strain
2026-02-18,2026-02-17,InsiderAdvantage,,LV,800,49.6,46.0,3.6,,,appdonins5463a03b,https://insideradvantage.com/top-line-tabs-insideradvantage-feb-17-18-trump-approval-rating/
2026-02-18,2026-02-16,RMG Research,Napolitan Institute,RV,3000,47.0,52.0,-5.0,,,appdonrmg14b94a2d,https://napolitannews.org/jobapproval#02-19-2026
2026-02-19,2026-02-13,Talker Research,Scripps News,A,1000,44.0,47.0,-3.0,,,appdontal012d8f8e,https://www.scrippsnews.com/politics/scripps-news-talker-research-poll-high-interest-in-state-of-the-union-amid-economic-worries
2026-02-20,2026-02-16,American Research Group,,RV,1000,36.0,62.0,-26.0,,,appdonamedda9881c,https://americanresearchgroup.com/economy#02-20-2026
2026-02-20,2026-02-16,American Research Group,,A,1100,36.0,62.0,-26.0,,,appdoname25c8f8b7,https://americanresearchgroup.com/economy#02-20-2026
2026-02-20,2026-02-17,CNN/SSRS,,RV,,39.0,61.0,-22.0,,,appdoncnn0925f898,https://www.documentcloud.org/documents/27353615-cnn-poll-conducted-by-ssrs-donald-trump-approval
2026-02-20,2026-02-17,CNN/SSRS,,A,2496,36.0,63.0,-27.0,,,appdoncnn8cf3b0a3,https://www.documentcloud.org/documents/27353615-cnn-poll-conducted-by-ssrs-donald-trump-approval/
2026-02-20,2026-02-18,Verasight,Strength In Numbers,A,1566,37.0,59.0,-22.0,,,appdonver43311943,https://www.gelliottmorris.com/p/ahead-of-state-of-the-union-address
2026-02-20,2026-02-18,Verasight,Strength In Numbers,RV,1401,38.0,60.0,-22.0,,,appdonver345e1b2d,https://www.gelliottmorris.com/p/ahead-of-state-of-the-union-address
2026-02-22,2026-02-21,Emerson College,,LV,1000,42.7,54.7,-12.0,,,appdoneme4db75edd,https://docs.google.com/spreadsheets/d/1SS_Vfa-SArcPFS60SmvpIB-kd_sakjcX/edit?rtpof=true&sd=true
2026-02-22,2026-02-20,Morning Consult,,RV,2202,45.0,53.0,-8.0,,,appdonmor4a0e467b,https://pro.morningconsult.com/trackers/donald-trump-congress-policy-republicans-polling#02-22-2026
2026-02-23,2026-02-19,Echelon Insights,,LV,1002,44.0,55.0,-11.0,,,appdonechb371655b,https://docs.google.com/spreadsheets/d/1m0IKbqTOxjH_xFQu7I8JTQeIqildMiyY/edit?rtpof=true&sd=true&gid=1837949549#gid=1837949549
2026-02-23,2026-02-19,Global Strategy Group,Navigator Research,RV,1000,41.0,58.0,-17.0,,,appdongloe33ca660,https://navigatorresearch.org/wp-content/uploads/2026/02/Navigator-Update-02.26.2026.pdf
2026-02-23,2026-02-18,Ipsos,Reuters,A,4638,40.0,58.0,-18.0,,,appdonipsae4ca6e1,https://www.reuters.com/world/us/most-americans-say-trump-is-growing-erratic-with-age-reutersipsos-poll-finds-2026-02-24
2026-02-23,2026-02-20,YouGov,The Economist,A,1551,39.0,57.0,-18.0,,,appdonyou1faf35e0,https://d3nkl3psvxxpe9.cloudfront.net/documents/econTabReport_mhEVZMR.pdf
2026-02-23,2026-02-20,YouGov,CBS News,A,2381,40.0,60.0,-20.0,,,appdonyoub35a00d7,https://assets1.cbsnewsstatic.com/hub/cms/prod_cms_alt/file/2026/02/24/fd05f2bf-dd16-4614-a89b-a4ad4c702e96/cbsnews_20260224_tues.pdf
2026-02-23,2026-02-20,YouGov,The Economist,RV,1402,42.0,57.0,-15.0,,,appdonyouf69e8b56,https://d3nkl3psvxxpe9.cloudfront.net/documents/econTabReport_mhEVZMR.pdf
2026-02-25,2026-02-24,Trafalgar Group,,LV,1084,51.0,48.0,3.0,REP,,appdontrac18fc2f2,https://www.thetrafalgargroup.org/wp-content/uploads/2026/02/National-26-Trump-Approval-Report-0226.pdf
2026-02-26,2026-02-25,HarrisX/Harris,Harvard CAPS,LV,,50.0,47.0,3.0,,,appdonharfd34735b,https://harvardharrispoll.com/wp-content/uploads/2026/03/HHP_Feb2026_KeyResults_Mon.pdf
2026-02-26,2026-02-25,HarrisX/Harris,Harvard CAPS,RV,1999,46.0,49.0,-3.0,,,appdonharfb3be752,https://harvardharrispoll.com/wp-content/uploads/2026/03/HHP_Feb2026_KeyResults_Mon.pdf
2026-02-26,2026-02-25,John Zogby Strategies,,LV,1015,47.0,50.0,-3.0,,,appdonjohb4cfb79d,https://johnzogbystrategies.com/presidents-approval-up-3-points-post-state-of-the-union-now-47-approve-50-disapprove-americans-split-even-on-his-iran-policy
2026-02-26,2026-02-18,RMG Research,Napolitan Institute,RV,3000,45.0,54.0,-9.0,,,appdonrmga3e41423,https://napolitannews.org/jobapproval#02-26-2026
2026-02-27,2026-02-25,J.L. Partners,DailyMail.com,RV,1097,44.0,47.0,-3.0,,,appdonj.l6225e73a,https://docs.google.com/spreadsheets/d/1SHUniAS5h57uL5meCvRbI3LeDRomZzeM/edit?gid=534343239#gid=534343239
2026-02-27,2026-02-24,TIPP Insights,Issues & Insights,A,1456,40.0,51.0,-11.0,,,appdontip4211a3ef,https://tippinsights.com/trump-ratings-steady-despite-strong-state-of-the-union-foreign-policy-moves-i-i-tipp-poll
2026-02-27,2026-02-25,YouGov,CBS News,A,2264,41.0,59.0,-18.0,,,appdonyou3c2edd9a,https://www.cbsnews.com/news/cbs-news-poll-americans-views-on-iran-prior-to-conflict
2026-02-28,2026-02-01,ActiVote,,A,580,42.0,54.0,-12.0,,,appdonact62035d10,https://www.activote.net/trumps-approval-dips
2026-02-28,2026-02-28,Morning Consult,,RV,1618,44.0,53.0,-9.0,,,appdonmor594bfeb7,https://morningconsult.com/articles/trump-iran-strikes-poll
2026-02-28,2026-02-28,The Public Sentiment Institute,,LV,249,41.0,59.0,-18.0,,,appdonthec2a3a40b,https://docs.google.com/spreadsheets/d/1m40rnoHyDTHRmVYF9mYbAjKrriNucbiqzlIO_4nAq_w/edit?gid=1327702577#gid=1327702577
2026-03-01,2026-02-28,Ipsos,Reuters,A,1282,38.0,60.0,-22.0,,,appdonipse707742e,https://www.ipsos.com/sites/default/files/ct/news/documents/2026-03/Reuters%20Ipsos%20Iran%20Airstrike%20Topline%203.1.2026.pdf
2026-03-01,2026-02-28,RMG Research,Napolitan Institute,RV,1000,45.0,54.0,-9.0,,,appdonrmgdb45501b,https://napolitannews.org/posts/just-33-percent-say-its-appropriate-to-attack-a-foreign-nation-to-overthrow-their-government
2026-03-02,2026-02-28,Beacon Research/Shaw & Co. Research,,RV,1004,43.0,57.0,-14.0,,,appdonbeaba85ee55,https://www.foxnews.com/politics/fox-news-poll-views-divided-us-action-against-iran
2026-03-02,2026-02-27,YouGov,The Economist,RV,1366,42.0,56.0,-14.0,,,appdonyou05296f3a,https://d3nkl3psvxxpe9.cloudfront.net/documents/econTabReport_ubu5DXD.pdf#page=5
2026-03-02,2026-02-27,YouGov,The Economist,A,1515,38.0,59.0,-21.0,,,appdonyouffda6f00,https://d3nkl3psvxxpe9.cloudfront.net/documents/econTabReport_ubu5DXD.pdf#page=5
2026-03-03,2026-02-27,Hart Research Associates/Public Opinion Strategies,NBC News,RV,1000,44.0,54.0,-10.0,,,appdonhar6edda458,https://s3.documentcloud.org/documents/27777984/nbc-news-march-2026-poll-03-08-2024-release-final.pdf
2026-03-03,2026-03-02,J.L. Partners,DailyMail.com,RV,1022,39.0,50.0,-11.0,,,appdonj.l3dacccfe,https://docs.google.com/spreadsheets/d/1SHUniAS5h57uL5meCvRbI3LeDRomZzeM/edit?gid=534343239#gid=534343239
2026-03-03,2026-03-02,OnMessage,,LV,1800,45.0,54.0,-9.0,,,appdononmcd0fe3b7,https://www.politico.com/newsletters/playbook/2026/03/04/republicans-tee-off-on-talarico-00811469
2026-03-03,2026-03-02,Quantus Insights,,LV,1624,45.0,54.0,-9.0,,,appdonqua47d8e75f,https://docs.google.com/spreadsheets/d/1XX2nY6R87uXlb0Ii-pcL9gFyM284UKRf/edit?gid=1938592910#gid=1938592910
2026-03-03,2026-03-01,Trafalgar Group,,LV,1098,49.5,48.0,1.5,REP,,appdontrab2788635,https://www.thetrafalgargroup.org/wp-content/uploads/2026/03/National-26-Trump-Iran-Approval-Report-0304.pdf
2026-03-04,2026-03-02,Angus Reid Global,,A,1215,35.0,58.0,-23.0,,,appdonanga5ea4150,https://angusreid.org/wp-content/uploads/2026/03/2026.03.04_Iran_USA_tables.pdf
2026-03-04,2026-03-02,Marist University,NPR; PBS News,RV,1392,40.0,57.0,-17.0,,,appdonmard686ae97,https://maristpoll.marist.edu/wp-content/uploads/2026/03/NPR_PBS-News_Marist-Poll_USA-NOS-and-Tables_202603091024.pdf
2026-03-04,2026-03-02,Marist University,NPR; PBS News,A,1591,38.0,57.0,-19.0,,,appdonmar934dbfdc,https://maristpoll.marist.edu/wp-content/uploads/2026/03/NPR_PBS-News_Marist-Poll_USA-NOS-and-Tables_202603091024.pdf
2026-03-04,2026-02-28,RMG Research,Napolitan Institute,RV,2000,46.0,52.0,-6.0,,,appdonrmg1c59c7cb,https://napolitannews.org/jobapproval#03-04-2026
2026-03-05,2026-03-02,Angus Reid Global,,A,1529,36.0,56.0,-20.0,,,appdonang5e4d4f4e,https://angusreid.org/wp-content/uploads/2026/03/2026.03.11_US_Tariffs_tables.pdf
2026-03-05,2026-03-02,Noble Predictive Insights,The Center Square,RV,2659,46.0,52.0,-6.0,,,appdonnob54af9898,https://www.thecentersquare.com/national/article_c3795c17-be14-4566-a625-eb38b4ffc1bf.html
2026-03-05,2026-03-02,Schoen Cooperman Research,Israel On Campus Coalition,A,800,39.0,54.0,-15.0,,,appdonsch8d9f8a6e,https://drive.google.com/file/d/1XxbPBwjkAFUid15B1RtiwnOobItnUJBl/view
2026-03-08,2026-03-02,Morning Consult,,A,45000,39.0,55.0,-16.0,,,appdonmor5d959b45,https://pro.morningconsult.com/trackers/global-leader-approval#03-08-2026
2026-03-08,2026-03-06,Morning Consult,,RV,2202,44.0,53.0,-9.0,,,appdonmord7fe4eb7,https://pro.morningconsult.com/trackers/donald-trump-congress-policy-republicans-polling#03-08-2026
2026-03-08,2026-03-06,Quinnipiac University,,RV,1002,37.0,57.0,-20.0,,,appdonqui09b51835,https://poll.qu.edu/images/polling/us/us03092026_upip88.pdf
2026-03-09,2026-03-06,YouGov,The Economist,RV,1405,43.0,54.0,-11.0,,,appdonyou02c91a10,https://d3nkl3psvxxpe9.cloudfront.net/documents/econTabReport_EcCnfRV.pdf#page=16
2026-03-09,2026-03-06,YouGov,The Economist,A,1563,40.0,55.0,-15.0,,,appdonyou1bd60b1b,https://d3nkl3psvxxpe9.cloudfront.net/documents/econTabReport_EcCnfRV.pdf#page=16
2026-03-10,2026-03-06,Focaldata,,RV,1534,39.0,51.0,-12.0,,,appdonfoc6393de5f,https://www.focaldata.com/blog/democrats-increase-lead-and-rubio-stock-surges-amid-iran-war
2026-03-10,2026-03-06,Focaldata,,A,1782,37.0,51.0,-14.0,,,appdonfocf1b741d8,https://www.focaldata.com/blog/democrats-increase-lead-and-rubio-stock-surges-amid-iran-war
2026-03-12,2026-03-04,RMG Research,Napolitan Institute,RV,3000,45.0,53.0,-8.0,,,appdonrmg3ff7f1b9,https://napolitannews.org/jobapproval#03-12-2026
2026-03-15,2026-03-09,Survey 160,,RV,1546,38.0,59.0,-21.0,,,appdonsur3dddaaa8,https://www.survey160.com/methodological-research-blog/survey-160-tracking-poll-march-2026
2026-03-16,2026-03-12,Echelon Insights,,LV,1033,41.0,57.0,-16.0,,,appdonech9666274e,https://docs.google.com/spreadsheets/d/1KWEl_e6oGvnVZFbCnbJjk9MHy9OAE0y_/edit?gid=537850620#gid=537850620
2026-03-16,2026-03-13,Morning Consult,,RV,2201,43.0,54.0,-11.0,,,appdonmora159facd,https://pro.morningconsult.com/trackers/donald-trump-congress-policy-republicans-polling#03-16-2026
2026-03-16,2026-03-13,YouGov,The Economist,RV,1429,41.0,56.0,-15.0,,,appdonyoub7150eba,https://d3nkl3psvxxpe9.cloudfront.net/documents/econTabReport_CwWXhS2.pdf#page=15
2026-03-16,2026-03-13,YouGov,The Economist,A,1595,37.0,56.0,-19.0,,,appdonyouff8eb9d8,https://d3nkl3psvxxpe9.cloudfront.net/documents/econTabReport_CwWXhS2.pdf#page=15
2026-03-17,2026-03-16,Emerson College,,LV,1000,41.9,51.4,-9.5,,,appdoneme2f90fc2c,https://docs.google.com/spreadsheets/d/1EfOmL-oir8Qp12WCByOuqB2fRRqtrr11/edit?rtpof=true&sd=true&gid=586600673#gid=586600673
2026-03-17,2026-03-12,The Argument/Verasight,,RV,1519,40.0,58.0,-18.0,,,appdonthe42b5eb4c,https://substack.com/inbox/post/191802614
2026-03-17,2026-03-12,The Argument/Verasight,,LV,,40.0,58.0,-18.0,,,appdonthe9eafc98b,https://substack.com/inbox/post/191802614
2026-03-17,2026-03-15,The Winston Group,Winning the Issues,RV,1000,37.0,58.0,-21.0,REP,,appdonthe7ffd23a3,https://www.winningtheissues.org/wp-content/uploads/2026/04/March-2026-Winning-the-Issues-Survey.pdf
2026-03-18,2026-03-17,John Zogby Strategies,,LV,1000,44.0,54.0,-10.0,,,appdonjoh701fda46,https://johnzogbystrategies.com/decisive-poll-on-war-with-iran
2026-03-18,2026-03-17,Quantus Insights,,LV,1053,44.0,55.0,-11.0,,,appdonqua99afd452,https://drive.google.com/file/d/1u6X2tjztzSMI-UNX00OA-CuWAhqPcxxj/view
2026-03-18,2026-03-16,Tavern Research,Searchlight Institute,LV,1531,41.0,55.0,-14.0,,,appdontav83f9b34e,https://www.searchlightinstitute.org/wp-content/uploads/2026/03/Searchlight-Iran-Supplemental-Crosstabs.pdf
2026-03-19,2026-03-17,Ipsos,Reuters,A,1545,40.0,58.0,-18.0,,,appdonips9c4f249b,https://www.ipsos.com/sites/default/files/ct/news/documents/2026-03/Reuters%20Ipsos%20Iran%20Poll%20March%202026%20Topline.pdf
2026-03-20,2026-03-16,American Research Group,,RV,1008,34.0,63.0,-29.0,,,appdoname4cc9beca,https://americanresearchgroup.com/economy#03-20-2026
2026-03-20,2026-03-16,American Research Group,,A,1100,34.0,63.0,-29.0,,,appdonameed7033cd,https://americanresearchgroup.com/economy#03-20-2026
2026-03-20,2026-03-18,J.L. Partners,,RV,1037,39.0,53.0,-14.0,,,appdonj.l8fb2a203,https://jlpartners.com/nationwide-registered-voters-march-2026
2026-03-20,2026-03-17,YouGov,CBS News,A,3335,40.0,60.0,-20.0,,,appdonyoud83c4206,https://assets1.cbsnewsstatic.com/hub/cms/prod_cms_alt/file/2026/03/22/364c4d95-1705-4bb2-8d53-093e18b62697/cbsnews_20260322-sun.pdf
2026-03-23,2026-03-20,AP-NORC,,A,1150,38.0,60.0,-22.0,,,appdonap-f6213fc4,https://apnorc.org/wp-content/uploads/2026/03/March-W2-2026-Topline.pdf
2026-03-23,2026-03-20,Beacon Research/Shaw & Co. Research,Fox News,RV,1001,41.0,59.0,-18.0,,,appdonbea3370bedd,https://static.foxnews.com/foxnews.com/content/uploads/2026/03/fox_march-20-23-2026_national_topline_march-25-release.pdf
2026-03-23,2026-03-19,Quinnipiac University,,RV,1191,38.0,56.0,-18.0,,,appdonquid0658ce5,https://poll.qu.edu/images/polling/us/us03252026_ueek31.pdf
2026-03-23,2026-03-09,Yale Youth Poll,,RV,3429,42.0,56.0,-14.0,,,appdonyalbfe9ec30,https://youthpoll.yale.edu/spring-2026-results
2026-03-24,2026-03-22,Big Data Poll,Public Polling Project,RV,3003,42.0,56.0,-14.0,,,appdonbigbc8e668f,https://www.bigdatapoll.com/blog/trump-disapproval-rating-hits-new-high-in-march-amid-unpopular-war/
2026-03-24,2026-03-23,J.L. Partners,DailyMail.com,RV,1019,46.0,54.0,-8.0,,,appdonj.l4cbff896,https://www.dailymail.co.uk/news/article-15692097/amp/donald-trump-polling-iran-rebound.html
2026-03-25,2026-03-20,University of Massachusetts Department of Political Science/YouGov,,A,1000,33.0,62.0,-29.0,,,appdonunicce677cf,https://umass-my.sharepoint.com/personal/poll_umass_edu/_layouts/15/onedrive.aspx?id=%2Fpersonal%2Fpoll%5Fumass%5Fedu%2FDocuments%2FPoll%20materials%20uploaded%20to%20website%2FTrump%20Approval%2C%20Views%20on%20Epstein%20%26%20Iran%20%2D%20National%20Public%20Opinion%20Poll%20%2D%20March%2030%2C%202026%2FCrosstabs%20Trump%20Approval%2C%20Views%20on%20Epstein%20%26%20Iran%20%2D%20National%20Public%20Opinion%20Poll%20%2D%20March%2030%202026%2Epdf&parent=%2Fpersonal%2Fpoll%5Fumass%5Fedu%2FDocuments%2FPoll%20materials%20uploaded%20to%20website%2FTrump%20Approval%2C%20Views%20on%20Epstein%20%26%20Iran%20%2D%20National%20Public%20Opinion%20Poll%20%2D%20March%2030%2C%202026&ga=1
2026-03-26,2026-03-25,HarrisX/Harris,Harvard CAPS,LV,,46.0,52.0,-6.0,,,appdonhar8bc088f4,https://x.com/IAPolls2022/status/2038696085267394990?s=20
2026-03-26,2026-03-25,HarrisX/Harris,Harvard CAPS,RV,,43.0,53.0,-10.0,,,appdonhar6a861208,https://x.com/IAPolls2022/status/2038693006723703020?s=20
2026-03-26,2026-03-25,Quantus Insights,,LV,1472,42.2,56.6,-14.4,,,appdonqua9d4a63f0,https://docs.google.com/spreadsheets/d/1_Fz7pWK_RfSVQ__18QujNi-QPw5jJIqX/edit?gid=1786900467#gid=1786900467
2026-03-26,2026-03-18,RMG Research,Napolitan Institute,RV,3000,45.0,54.0,-9.0,,,appdonrmgdedc2486,https://napolitannews.org/jobapproval#03-26-2026
2026-03-29,2026-03-27,Morning Consult,,RV,2203,43.0,54.0,-11.0,,,appdonmorbb997d50,https://pro.morningconsult.com/trackers/donald-trump-congress-policy-republicans-polling#03-29-2026
2026-03-30,2026-03-26,CNN/SSRS,,RV,,38.0,62.0,-24.0,,,appdoncnn8b714327,https://www.documentcloud.org/documents/27964261-cnn-poll-conducted-by-ssrs-trump-approval-economy
2026-03-30,2026-03-26,CNN/SSRS,,A,1201,35.0,64.0,-29.0,,,appdoncnn8a453a25,https://www.documentcloud.org/documents/27964261-cnn-poll-conducted-by-ssrs-trump-approval-economy
2026-03-30,2026-03-26,Lake Research Partners,Free Speech For People,LV,800,38.0,57.0,-19.0,DEM,,appdonlakb11b4da9,https://freespeechforpeople.org/wp-content/uploads/2026/04/publictopline.freespeech.party_.2026.04.01.pdf
2026-03-30,2026-03-26,University of Massachusetts Lowell Center for Public Opinion/YouGov,,A,1000,39.0,61.0,-22.0,,,appdonunic79b8500,https://www.uml.edu/docs/2026-Nat-Pol-March-Topline_tcm18-417813.pdf
2026-03-30,2026-03-27,YouGov,The Economist,RV,1505,39.0,58.0,-19.0,,,appdonyoudc541f1f,https://d3nkl3psvxxpe9.cloudfront.net/documents/econTabReport_3wplfYX.pdf#page=22
2026-03-30,2026-03-27,YouGov,The Economist,A,1679,35.0,58.0,-23.0,,,appdonyou07bd2839,https://d3nkl3psvxxpe9.cloudfront.net/documents/econTabReport_3wplfYX.pdf#page=22
2026-03-31,2026-03-01,ActiVote,,A,598,42.0,55.0,-13.0,,,appdonact41bbc8fa,https://www.activote.net/trumps-approval-holding-steady-2
2026-04-02,2026-03-25,RMG Research,Napolitan Institute,RV,3000,40.0,58.0,-18.0,,,appdonrmg33f4cd7a,https://napolitannews.org/jobapproval#04-02-2026
2026-04-02,2026-03-31,TIPP Insights,Issues & Insights,A,1464,39.0,53.0,-14.0,,,appdontip300a6427,https://issuesinsights.com/2026/04/07/trumps-popularity-took-a-hit-in-april-is-iran-war-reason-why-or-something-else-ii-tipp-poll
2026-04-03,2026-03-29,High Point University Survey Research Center,,A,1001,39.0,53.0,-14.0,,,appdonhig55909060,https://www.highpoint.edu/blog/2026/04/hpu-poll-americans-and-north-carolinians-appreciate-benefits-of-trees-as-arbor-day-approaches
2026-04-06,2026-04-02,Global Strategy Group,Navigator Research,RV,1000,40.0,58.0,-18.0,,,appdongloa2aa5d15,https://navigatorresearch.org/wp-content/uploads/2026/04/Navigator-Update-04.08.2026.pdf
2026-04-06,2026-04-03,YouGov,The Economist,RV,1560,41.0,56.0,-15.0,,,appdonyouf9a1a937,https://d3nkl3psvxxpe9.cloudfront.net/documents/econTabReport_SVRZJH8.pdf#page=16
2026-04-06,2026-04-03,YouGov,The Economist,A,1750,38.0,55.0,-17.0,,,appdonyou6db8871f,https://d3nkl3psvxxpe9.cloudfront.net/documents/econTabReport_SVRZJH8.pdf#page=16
2026-04-07,2026-04-03,Change Research,,RV,2702,42.0,56.0,-14.0,,,appdonchadc0820ff,https://changeresearch.com/who-do-voters-want-in-2028
2026-04-07,2026-04-01,Morning Consult,,A,45000,39.0,55.0,-16.0,,,appdonmorcb8f95cf,https://pro.morningconsult.com/trackers/global-leader-approval#04-07-2026
2026-04-08,2026-04-08,J.L. Partners,DailyMail.com,RV,1013,39.0,52.0,-13.0,,,appdonj.ld3212343,https://www.dailymail.co.uk/news/article-15718939/Trump-approval-sinks-Iran-war-prices-weigh-voters.html
2026-04-09,2026-04-03,Echelon Insights,,LV,2880,43.0,56.0,-13.0,,,appdonech9315f851,https://netchoice.org/wp-content/uploads/2026/04/NetChoice-Apr-2026-National-Antitrust-Survey-Topline.pdf
2026-04-09,2026-04-06,Morning Consult,,RV,2200,44.0,53.0,-9.0,,,appdonmoreeeb6313,https://drive.google.com/file/d/1J-vPAS1XXmBtiDUw4rDA4p3G7jHbQ6b7/view
2026-04-09,2026-04-01,RMG Research,Napolitan Institute,RV,4000,45.0,54.0,-9.0,,,appdonrmgb8c34c27,https://napolitannews.org/jobapproval#04-09-2026
2026-04-10,2026-04-08,YouGov,CBS News,A,2387,39.0,61.0,-22.0,,,appdonyou25b5239f,https://assets1.cbsnewsstatic.com/hub/cms/prod_cms_alt/file/2026/04/12/15682238-c87d-4758-b49f-e8148e6a1d38/cbs_news_poll___april_8-10__2026.pdf
2026-04-13,2026-04-09,Quinnipiac University,,RV,1028,38.0,55.0,-17.0,,,appdonqui6da3c2aa,https://poll.qu.edu/images/polling/us/us04152026_uzxb22.pdf
2026-04-13,2026-04-08,Survey 160,,RV,1539,37.0,60.0,-23.0,,,appdonsur599bc5cf,https://www.survey160.com/methodological-research-blog/survey-160-tracking-poll-april-2026
2026-04-13,2026-03-30,SurveyMonkey,NBC News Decision Desk,A,32433,37.0,63.0,-26.0,,,appdonsur6bc6d396,https://www.documentcloud.org/documents/28059029-nbc-news-decision-desk-poll-march-2026-topline
2026-04-13,2026-04-10,YouGov,The Economist,RV,1573,41.0,58.0,-17.0,,,appdonyou5568d7be,https://d3nkl3psvxxpe9.cloudfront.net/documents/econTabReport_G1zNgZq.pdf#page=20
2026-04-13,2026-04-10,YouGov,The Economist,A,1748,38.0,56.0,-18.0,,,appdonyoud9aac4be,https://d3nkl3psvxxpe9.cloudfront.net/documents/econTabReport_G1zNgZq.pdf#page=20
2026-04-14,2026-04-10,Verasight,,RV,1386,37.0,61.0,-24.0,,,appdonver3081c564,https://www.gelliottmorris.com/p/2026-04-21-april-strength-in-numbers-verasight-poll
2026-04-14,2026-04-10,Verasight,Strength In Numbers,A,1514,35.0,61.0,-26.0,,,appdonverfb589294,https://www.gelliottmorris.com/p/2026-04-21-april-strength-in-numbers-verasight-poll
2026-04-15,2026-04-08,GBAO Strategies,Third Way,RV,2000,39.0,60.0,-21.0,,,appdongbadc7a401f,https://www.thirdway.org/memo/the-cost-of-misplaced-priorities-trumps-coalition-frays
2026-04-15,2026-04-08,RMG Research,Napolitan Institute,RV,3000,45.0,53.0,-8.0,,,appdonrmgdc7fb713,https://napolitannews.org/jobapproval#04-15-2026
2026-04-16,2026-04-08,Marquette University Law School,,RV,870,41.0,59.0,-18.0,,,appdonmar24a682f9,https://law.marquette.edu/assets/community/poll/MLSPSC31/MLSPSC31Crosstabs_NationalIssues.html
2026-04-16,2026-04-08,Marquette University Law School,,A,982,39.0,60.0,-21.0,,,appdonmar5c929856,https://law.marquette.edu/assets/community/poll/MLSPSC31/MLSPSC31Crosstabs_NationalIssues.html
2026-04-18,2026-04-17,John Zogby Strategies,,LV,1001,43.0,55.0,-12.0,,,appdonjohfb831a71,https://johnzogbystrategies.com/brand-new-zogby-poll-amid-war-confusion-04-20-26
2026-04-19,2026-04-15,Hart Research Associates/Public Opinion Strategies,CNBC,RV,1000,40.0,58.0,-18.0,,,appdonhar68dc855c,https://fm.cnbc.com/applications/cnbc.com/resources/editorialfiles/2026/04/23/Toplines_260142_CNBC_AAES_Q1_2026_Topline.pdf
2026-04-19,2026-04-15,Morning Consult,Deseret News; University of Utah Hinckley Institute of Politics,RV,2057,42.0,54.0,-12.0,,,appdonmor7f30eadb,https://www.deseret.com/politics/2026/04/22/trump-polling-underwater-in-utah-among-religious
2026-04-19,2026-04-14,YouGov,,A,2232,38.0,57.0,-19.0,,,appdonyou2d6b4954,https://d3nkl3psvxxpe9.cloudfront.net/documents/Opinion_about_Donald_Trump_poll_results.pdf
2026-04-20,2026-04-16,AP-NORC,,A,2596,33.0,67.0,-34.0,,,appdonap-3b1563ef,https://apnorc.org/wp-content/uploads/2026/04/April-2026-Topline-Trump.pdf
2026-04-20,2026-04-16,American Research Group,,RV,1010,32.0,64.0,-32.0,,,appdoname5d3ba07a,https://americanresearchgroup.com/economy#04-20-2026
2026-04-20,2026-04-16,American Research Group,,A,1100,32.0,63.0,-31.0,,,appdoname69f8be06,https://americanresearchgroup.com/economy#04-20-2026
2026-04-20,2026-04-15,Angus Reid Global,,A,1490,35.0,59.0,-24.0,,,appdonangcaca7200,https://angusreid.org/roiling-the-religious-right-two-thirds-of-christians-say-trumps-ai-generated-messiah-image-went-too-far
2026-04-20,2026-04-17,Beacon Research/Shaw & Co. Research,Fox News,RV,1001,42.0,58.0,-16.0,,,appdonbead3b49338,https://static.foxnews.com/foxnews.com/content/uploads/2026/04/fox_april-17-20-2026_national_topline_april-22-release.pdf
2026-04-20,2026-04-17,Echelon Insights,,LV,1012,41.0,57.0,-16.0,,,appdonech38e67207,https://echeloninsights.com/hubfs/_Media%20for%20Insights%20Blog/April%202026%20Voter%20Omnibus%20Topline%20-%20External.pdf
2026-04-20,2026-04-15,Ipsos,Reuters,A,4557,36.0,62.0,-26.0,,,appdonipsbdec36a8,https://www.reuters.com/world/us/many-americans-question-trumps-temperament-amid-iran-war-pope-spat-reutersipsos-2026-04-21
2026-04-20,2026-04-17,Leger,338Canada; Maintenant Media,A,1004,36.0,53.0,-17.0,,,appdonlegb95852c7,https://documents.leger360.com/hubfs/%C3%89tudes%20M%C3%A9diatiques/%C3%89tudes%20M%C3%A9diatiques%20-%202026/4.%20%C3%89M%20-%20Avril%202026/20260428%20-%20US%20Poll%20April%202026/US_POL_April_2026_338Canada_VF.pdf
2026-04-20,2026-04-17,Morning Consult,,RV,2203,44.0,53.0,-9.0,,,appdonmor36fe2a7b,https://pro.morningconsult.com/trackers/donald-trump-congress-policy-republicans-polling#04-20-2026
2026-04-20,2026-04-17,YouGov,The Economist,RV,1553,41.0,56.0,-15.0,,,appdonyoubcdc8fe6,https://d3nkl3psvxxpe9.cloudfront.net/documents/econTabReport_I24AWdp.pdf#page=11
2026-04-20,2026-04-17,YouGov,The Economist,A,1707,38.0,54.0,-16.0,,,appdonyou7b956851,https://d3nkl3psvxxpe9.cloudfront.net/documents/econTabReport_I24AWdp.pdf#page=11
2026-04-23,2026-04-21,Quantus Insights,,LV,1452,43.0,56.0,-13.0,,,appdonquac620608e,https://drive.google.com/file/d/1xc5TCNWqDfyPWJbTg5Esp61oyLKRqPms/view
2026-04-23,2026-04-14,RMG Research,Napolitan Institute,RV,3000,42.0,55.0,-13.0,,,appdonrmge14da9e3,https://napolitannews.org/jobapproval#04-23-2026
2026-04-23,2026-04-20,The Argument/Verasight,,RV,1516,39.0,60.0,-21.0,,,appdonthe111895cf,https://www.theargumentmag.com/p/why-democrats-cant-win-more-trump
2026-04-24,2026-04-15,Clarity Campaign Labs,,LV,1000,43.0,55.0,-12.0,,,appdoncla46bd5383,https://www.claritycampaigns.com/clarity-omnibus-2026-april
2026-04-26,2026-04-24,Emerson College,,LV,1000,39.6,55.9,-16.3,,,appdoneme8f61c99a,https://docs.google.com/spreadsheets/d/1FsVoQjT-tHeejavmtPp3dWF2UpdwGBOe/edit?gid=148203681#gid=148203681
2026-04-26,2026-04-23,HarrisX/Harris,Harvard CAPS,LV,,46.0,51.0,-5.0,,,appdonharf90b0e9c,https://harvardharrispoll.com/wp-content/uploads/2026/04/HHP_Apr2026_KeyResults.pdf
2026-04-26,2026-04-20,Pew Research Center,,A,5103,34.0,64.0,-30.0,,,appdonpew649d7ccd,https://www.pewresearch.org/wp-content/uploads/sites/20/2026/05/PP_2026.5.1_Trump-approval_topline.pdf
2026-04-27,2026-04-23,Global Strategy Group,Navigator Research,RV,1000,40.0,58.0,-18.0,,,appdonglo1ff2f069,https://navigatorresearch.org/wp-content/uploads/2026/04/Navigator-Update-04.29.26.pdf
2026-04-27,2026-04-26,InsiderAdvantage,,LV,800,44.0,49.0,-5.0,,,appdonins30b0c19a,https://insideradvantage.com/insideradvantage-national-survey-trump-job-approval-bouncing-back-approve-44-disapprove-49/
2026-04-27,2026-04-24,Ipsos,Reuters,RV,1014,37.0,62.0,-25.0,,,appdonipsa88dd226,https://www.ipsos.com/sites/default/files/ct/news/documents/2026-04/Reuters%20Ipsos%20Core%20Political%20April%202026%20Topline.pdf
2026-04-27,2026-04-24,Ipsos,Reuters,A,1269,34.0,64.0,-30.0,,,appdonips150630a0,https://www.ipsos.com/sites/default/files/ct/news/documents/2026-04/Reuters%20Ipsos%20Core%20Political%20April%202026%20Topline.pdf
2026-04-27,2026-04-24,Morning Consult,,RV,2201,45.0,53.0,-8.0,,,appdonmore767d50a,https://pro.morningconsult.com/trackers/donald-trump-congress-policy-republicans-polling#04-27-2026
2026-04-27,2026-04-27,Tavern Research,,LV,528,37.0,60.0,-23.0,,,appdontav00dead14,https://www.tavernresearch.com/research-and-writings/hegseth-impeachment-polling
2026-04-27,2026-04-24,YouGov,The Economist,RV,1647,40.0,57.0,-17.0,,,appdonyou99135acd,https://d3nkl3psvxxpe9.cloudfront.net/documents/econTabReport_Ty7ikPd.pdf#page=25
2026-04-27,2026-04-24,YouGov,The Economist,A,1836,37.0,59.0,-22.0,,,appdonyoua73d4037,https://d3nkl3psvxxpe9.cloudfront.net/documents/econTabReport_Ty7ikPd.pdf#page=25
2026-04-28,2026-04-25,Big Data Poll,,LV,2874,41.0,57.0,-16.0,,,appdonbig17082368,https://www.bigdatapoll.com/blog/national-mood-worsens-for-republicans-in-april-2026-national-poll
2026-04-28,2026-04-25,Big Data Poll,,RV,3176,39.6,56.9,-17.3,,,appdonbig4b3d675d,https://www.bigdatapoll.com/blog/national-mood-worsens-for-republicans-in-april-2026-national-poll
2026-04-28,2026-04-24,Ipsos,The Washington Post; ABC News,RV,2059,39.0,60.0,-21.0,,,appdonipsec6c8943,https://www.washingtonpost.com/documents/f7336b89-3d59-4df1-a322-60abcf0b2477.pdf?itid=lk_inline_manual_5
2026-04-28,2026-04-24,Ipsos,The Washington Post; ABC News,A,2560,37.0,62.0,-25.0,,,appdonips8e92b1c8,https://www.washingtonpost.com/documents/f7336b89-3d59-4df1-a322-60abcf0b2477.pdf?itid=lk_inline_manual_5
2026-04-30,2026-04-01,ActiVote,,A,636,40.0,56.0,-16.0,,,appdonactf4c067a5,https://www.activote.net/trumps-approval-below-40
2026-04-30,2026-04-27,Marist University,,RV,1155,39.0,59.0,-20.0,,,appdonmare64b25a2,https://maristpoll.marist.edu/wp-content/uploads/2026/05/NPR_PBS-News_Marist-Poll_USA-NOS-and-Tables_202605011058.pdf
2026-04-30,2026-04-27,Marist University,NPR; PBS News,A,1322,37.0,59.0,-22.0,,,appdonmar6c005649,https://maristpoll.marist.edu/wp-content/uploads/2026/05/NPR_PBS-News_Marist-Poll_USA-NOS-and-Tables_202605011058.pdf
2026-04-30,2026-04-22,RMG Research,,RV,3000,42.0,57.0,-15.0,,,appdonrmg61bd85f4,https://napolitannews.org/jobapproval#04-30-2026
2026-05-01,2026-04-28,TIPP Insights,Issues & Insights,A,1464,38.0,54.0,-16.0,,,appdontip898fd8f9,https://tippinsights.com/for-trump-approval-is-all-about-the-base-as-dems-independent-voters-cool-i-i-tipp-poll
2026-05-03,2026-04-30,Morning Consult,,RV,2200,44.0,53.0,-9.0,,,appdonmor25792117,https://pro.morningconsult.com/trackers/donald-trump-congress-policy-republicans-polling#05-03-2026
2026-05-04,2026-04-30,CNN/SSRS,,RV,,36.0,63.0,-27.0,,,appdoncnn98b39a97,https://www.documentcloud.org/documents/28114951-cnn-poll-conducted-by-ssrs-affordability
2026-05-04,2026-04-30,CNN/SSRS,,A,1499,35.0,65.0,-30.0,,,appdoncnn2de38b3b,https://www.documentcloud.org/documents/28114951-cnn-poll-conducted-by-ssrs-affordability
2026-05-04,2026-05-01,YouGov,The Economist,RV,1409,40.0,58.0,-18.0,,,appdonyou8f1ff472,https://d3nkl3psvxxpe9.cloudfront.net/documents/econTabReport_Zi1MEwp.pdf#page=6
2026-05-04,2026-05-01,YouGov,The Economist,A,1573,36.0,58.0,-22.0,,,appdonyou5d4e684e,https://d3nkl3psvxxpe9.cloudfront.net/documents/econTabReport_Zi1MEwp.pdf#page=6
2026-05-05,2026-05-01,Focaldata,Financial Times,RV,3167,39.2179,54.1248,-14.9,,,appdonfoc1857d8c9,https://www.focaldata.com/blog/democrats-lead-economy-focaldata-financial-times-poll
2026-05-05,2026-05-01,Focaldata,Financial Times,A,3612,36.9412,54.9107,-18.0,,,appdonfoc9ad469db,https://www.focaldata.com/blog/democrats-lead-economy-focaldata-financial-times-poll
2026-05-05,2026-04-29,HarrisX,Forbes,A,2512,41.0,56.0,-15.0,,,appdonhar810060db,https://www.forbes.com/sites/antoniopequenoiv/2026/05/06/new-forbesharrisx-poll-trumps-handling-of-economy-overwhelmingly-unpopular
2026-05-05,2026-04-29,HarrisX,Forbes,LV,1891,44.0,55.0,-11.0,,,appdonharafe4371b,https://www.harrisx.com/posts/forbes-and-harrisx-partner-on-new-american-confidence-survey-as-gallup-ends-approval-polling
2026-05-05,2026-04-29,HarrisX,Forbes,RV,2359,41.0,56.0,-15.0,,,appdonhar2041272c,https://www.harrisx.com/posts/forbes-and-harrisx-partner-on-new-american-confidence-survey-as-gallup-ends-approval-polling
2026-05-06,2026-04-29,RMG Research,Napolitan Institute,RV,3000,41.0,58.0,-17.0,,,appdonrmg55bd40fc,https://napolitannews.org/assets/pdfs/69fde45b9d538-gcm26-0506-toplines-trump-job-approval.pdf
2026-05-07,2026-05-04,AtlasIntel,,A,2069,39.5,59.8,-20.3,,,appdonatl4f028960,https://www.atlasintel.org/poll/usa-national-2026-05-11
2026-05-10,2026-05-05,Change Research,,RV,2244,43.0,56.0,-13.0,,,appdoncha4f1311c6,https://portal.changeresearch.com/portal/projects/07dc6ff6-bb96-4bc5-a138-90b0ab3b22db
2026-05-11,2026-05-08,Ipsos,Reuters,A,1254,36.0,63.0,-27.0,,,appdonipsafb8544e,https://www.ipsos.com/sites/default/files/ct/news/documents/2026-05/Reuters%20Ipsos%20May%20Political%20Update%20Poll%20Topline.pdf
2026-05-11,2026-05-09,YouGov,The Economist,RV,1410,41.0,57.0,-16.0,,,appdonyoufd5b9610,https://d3nkl3psvxxpe9.cloudfront.net/documents/econTabReport_ONiR6Nb.pdf#page=10
2026-05-11,2026-05-09,YouGov,The Economist,A,1549,36.0,58.0,-22.0,,,appdonyou93ad8f41,https://d3nkl3psvxxpe9.cloudfront.net/documents/econTabReport_ONiR6Nb.pdf#page=10
2026-05-14,2026-05-05,RMG Research,Napolitan Institute,RV,3000,42.0,57.0,-15.0,,,appdonrmg07074d8f,https://napolitannews.org/assets/pdfs/6a071302915bb-gcm26-0513-toplines-trump-job-approval.pdf
2026-05-15,2026-05-11,The New York Times/Siena College,,RV,1507,37.0,59.0,-22.0,,,appdonthea0f2fa71,https://www.nytimes.com/interactive/2026/05/18/polls/times-siena-national-poll-crosstabs.html
2026-05-15,2026-05-13,YouGov,CBS News,A,2064,37.0,63.0,-26.0,,,appdonyouba622174,https://assets1.cbsnewsstatic.com/hub/cms/prod_cms_alt/file/2026/05/17/371228ad-3893-4403-b766-ed2687a1e0e0/cbs_20260517_sun.pdf
2026-05-17,2026-05-15,Morning Consult,,RV,2203,42.0,55.0,-13.0,,,appdonmore8c61957,https://intel.morningconsult.com/mc-content/trackers/donald-trump-congress-policy-republicans-polling#05-17-2026
2026-05-18,2026-05-14,AP-NORC,,A,1117,37.0,62.0,-25.0,,,appdonap-05381b50,https://apnorc.org/wp-content/uploads/2026/05/May-2026-Topline-.pdf
2026-05-18,2026-05-15,Beacon Research/Shaw & Co. Research,Fox News,RV,1002,39.0,61.0,-22.0,,,appdonbea19b13f63,https://static.foxnews.com/foxnews.com/content/uploads/2026/05/fox_may-15-18-2026_national_topline_may-20-release.pdf
2026-05-18,2026-05-15,Data for Progress,,LV,1149,43.0,56.0,-13.0,,,appdondat4a026c00,https://www.dataforprogress.org/blog/2026/5/21/democrats-lead-the-generic-ballot-by-8-points-as-midterms-approach
2026-05-18,2026-05-14,Echelon Insights,,LV,1008,40.0,59.0,-19.0,,,appdonechbb29a8ae,https://echeloninsights.com/hubfs/_Media%20for%20Insights%20Blog/May%202026%20Voter%20Omnibus%20Topline%20-%20External.pdf
2026-05-18,2026-05-13,Global Strategy Group,Navigator Research,RV,1000,39.0,59.0,-20.0,,,appdonglode8ee7b5,https://navigatorresearch.org/wp-content/uploads/2026/05/Navigator-Update-05.20.2026.pdf
2026-05-18,2026-05-07,Impact Research/National Research,The Wall Street Journal,RV,1500,41.0,57.0,-16.0,,,appdonimp65f86801,https://www.wsj.com/politics/policy/trump-republican-congress-control-98a13bd9
2026-05-18,2026-05-15,Ipsos,Reuters,RV,984,38.0,61.0,-23.0,,,appdonipsd8a11805,https://www.ipsos.com/sites/default/files/ct/news/documents/2026-05/Reuters%20Ipsos%20Core%20Political%20May%20Topline_1.pdf
2026-05-18,2026-05-15,Ipsos,Reuters,A,1271,35.0,63.0,-28.0,,,appdonipsf6138db7,https://www.ipsos.com/sites/default/files/ct/news/documents/2026-05/Reuters%20Ipsos%20Core%20Political%20May%20Topline_1.pdf
2026-05-18,2026-05-15,J.L. Partners,DailyMail.com,RV,1003,39.0,52.0,-13.0,,,appdonj.l40949526,https://www.dailymail.com/news/article-15828945/Voters-hand-Trump-brutal-reality-check-economy-latest-approval-rating-revealed.html
2026-05-18,2026-05-12,McLaughlin & Associates,,LV,1000,44.0,53.0,-9.0,,,appdonmcla0c91062,https://mclaughlinonline.com/pols/wp-content/uploads/2026/05/National-May-Presentation-RELEASE-05-19-26.pdf
2026-05-18,2026-05-14,Quinnipiac University,,RV,1106,34.0,58.0,-24.0,,,appdonqui5bfc4697,https://poll.qu.edu/images/polling/us/us05202026_ugus99.pdf
2026-05-18,2026-05-15,YouGov,The Economist,RV,1380,41.0,57.0,-16.0,,,appdonyoua45b9fa2,https://d3nkl3psvxxpe9.cloudfront.net/documents/econTabReport_YTE4G2g.pdf#page=11
2026-05-18,2026-05-15,YouGov,The Economist,A,1549,37.0,57.0,-20.0,,,appdonyouc9485003,https://d3nkl3psvxxpe9.cloudfront.net/documents/econTabReport_YTE4G2g.pdf#page=11
2026-05-19,2026-05-18,Verasight,Strength In Numbers,RV,1413,38.0,59.0,-21.0,,,appdonverd6939b85,https://www.gelliottmorris.com/p/2026-05-26-may-strength-in-numbers-verasight-poll
2026-05-19,2026-05-18,Verasight,Strength In Numbers,A,1520,37.0,60.0,-23.0,,,appdonver3a04476b,https://www.gelliottmorris.com/p/2026-05-26-may-strength-in-numbers-verasight-poll
2026-05-20,2026-05-16,American Research Group,,RV,1009,31.0,65.0,-34.0,,,appdoname41936218,https://americanresearchgroup.com/economy
2026-05-20,2026-05-16,American Research Group,,A,1100,31.0,64.0,-33.0,,,appdonamed5adfa48,https://americanresearchgroup.com/economy
2026-05-20,2026-05-16,Overton Insights,,RV,1377,32.0,58.0,-26.0,,,appdonove5eb8ec36,https://overtoninsights.com/wp-content/uploads/2026/05/Key-Toplines-May-2026-Overton-Insights-Poll.pdf
2026-05-21,2026-05-13,RMG Research,Napolitan Institute,RV,3000,42.0,57.0,-15.0,,,appdonrmg1162ad3c,https://napolitannews.org/jobapproval#05-21-2026
2026-05-22,2026-05-21,John Zogby Strategies,,LV,,44.0,54.0,-10.0,,,appdonjoh846d94c9,https://johnzogbystrategies.com/the-latest-zogby-political-poll-trump-economic-concerns-war-trends-05-22-26
2026-05-24,2026-05-22,Morning Consult,,RV,2204,43.0,54.0,-11.0,,,appdonmorf8c77cad,https://intel.morningconsult.com/mc-content/trackers/2026-midterm-election-generic-ballot-polls#05-24-2026
2026-05-25,2026-05-24,Emerson College,,LV,1000,39.3,55.2,-15.9,,,appdoneme217191a6,https://docs.google.com/spreadsheets/d/1Tw_zIv2JLeRPiZVOfoLA82rZY_RpNY9-/edit?rtpof=true&sd=true&gid=1557082126#gid=1557082126
2026-05-26,2026-05-20,Marquette University Law School,,LV,576,44.0,56.0,-12.0,,,appdonmar0ca17e86,https://law.marquette.edu/assets/community/poll/MLSPSC32/MLSPSC32Toplines_NationalIssues.html
2026-05-26,2026-05-20,Marquette University Law School,,RV,857,41.0,59.0,-18.0,,,appdonmar9e783609,https://law.marquette.edu/assets/community/poll/MLSPSC32/MLSPSC32Toplines_NationalIssues.html
2026-05-26,2026-05-20,Marquette University Law School,,A,1001,38.0,62.0,-24.0,,,appdonmar0117b99d,https://law.marquette.edu/assets/community/poll/MLSPSC32/MLSPSC32Toplines_NationalIssues.html
2026-05-26,2026-05-18,RMG Research,Napolitan Institute,RV,3000,43.0,55.0,-12.0,,,appdonrmg083642d2,https://napolitannews.org/jobapproval#05-26-2026
2026-05-26,2026-05-22,YouGov,The Economist,RV,1397,38.0,60.0,-22.0,,,appdonyou6cd5046b,https://d3nkl3psvxxpe9.cloudfront.net/documents/econTabReport_aWdgoE7.pdf#page=34
2026-05-26,2026-05-22,YouGov,The Economist,A,1520,34.0,59.0,-25.0,,,appdonyou516e5441,https://d3nkl3psvxxpe9.cloudfront.net/documents/econTabReport_aWdgoE7.pdf#page=34
2026-05-27,2026-05-24,Big Data Poll,Public Polling Project,LV,2874,40.7,56.9,-16.2,,,appdonbig3c9ec638,https://www.bigdatapoll.com/blog/democrats-expand-lead-in-may-as-voters-sour-further-on-the-iran-war
2026-05-27,2026-05-24,Big Data Poll,Public Polling Project,RV,3176,39.6,56.9,-17.3,,,appdonbig4ac5a34b,https://www.bigdatapoll.com/blog/democrats-expand-lead-in-may-as-voters-sour-further-on-the-iran-war
2026-05-28,2026-05-26,TIPP Insights,Issues & Insights,A,1589,37.0,54.0,-17.0,,,appdontip7f1a457b,https://issuesinsights.com/2026/06/01/trumps-approval-ratings-remain-low-as-voters-fret-over-economy-inflation-ii-tipp-poll
2026-05-31,2026-05-01,ActiVote,,A,672,40.0,55.0,-15.0,,,appdonact687f88ae,https://www.activote.net/trumps-approval-holds-below-40
2026-05-31,2026-05-29,HarrisX/Harris,Harvard CAPS,RV,1725,43.0,53.0,-10.0,,,appdonhard0c2e5a3,https://harvardharrispoll.com/wp-content/uploads/2026/06/HHP_May2026_KeyResults.pdf
2026-05-31,2026-05-29,Morning Consult,,RV,2200,43.0,55.0,-12.0,,,appdonmorec07aa9a,https://pro-assets.morningconsult.com/wp-uploads/2026/06/MCPI-PI-Weekly_260609.html
2026-06-01,2026-05-29,Focaldata,Financial Times,RV,1537,38.0,56.0,-18.0,,,appdonfoc475b96c0,http://focaldata.com/blog/trump-inflation-approval-crashes-to-record-low
2026-06-01,2026-05-29,Focaldata,Financial Times,A,1719,37.0,56.0,-19.0,,,appdonfoc74901d3c,http://focaldata.com/blog/trump-inflation-approval-crashes-to-record-low
2026-06-01,2026-05-29,YouGov,The Economist,RV,1453,39.0,60.0,-21.0,,,appdonyou7a420daf,https://d3nkl3psvxxpe9.cloudfront.net/documents/econTabReport_AvLU7vY.pdf#page=4
2026-06-01,2026-05-29,YouGov,The Economist,A,1604,35.0,61.0,-26.0,,,appdonyoud10fff24,https://d3nkl3psvxxpe9.cloudfront.net/documents/econTabReport_AvLU7vY.pdf#page=4
2026-06-02,2026-06-01,Quantus Insights,,LV,1050,42.0,56.0,-14.0,,,appdonqua9c30128a,https://drive.google.com/file/d/170FM0UjFJmSccdmQqJKxbqhw-wsWDtdi/view
2026-06-02,2026-05-29,The Bullfinch Group,,RV,1000,42.0,55.0,-13.0,,,appdonthe5140ab69,https://www.thebullfinchgroup.com/post/public-release-of-bullfinch-q2-nationwide-survey-4
2026-06-02,2026-05-29,The Bullfinch Group,,A,1200,41.0,55.0,-14.0,,,appdonthee1a99cf6,https://www.thebullfinchgroup.com/post/public-release-of-bullfinch-q2-nationwide-survey-4
2026-06-02,2026-05-30,The Winston Group,Winning the Issues,RV,1000,37.0,58.0,-21.0,REP,,appdontheb893ec9c,https://www.winningtheissues.org/wp-content/uploads/2026/06/May-2026-Winning-the-Issues-Survey.pdf
2026-06-03,2026-05-29,The Argument/Verasight,,RV,3008,38.0,61.0,-23.0,,,appdonthe0b6c3d57,https://www.theargumentmag.com/p/the-biggest-issue-in-american-politics
2026-06-04,2026-06-01,Noble Predictive Insights,The Center Square,RV,2585,40.0,58.0,-18.0,,,appdonnob95ec3b7f,https://www.thecentersquare.com/national/article_068f34af-cac1-4328-b582-915d04044322.html
2026-06-04,2026-05-26,RMG Research,Napolitan Institute,RV,3000,44.0,55.0,-11.0,,,appdonrmga1d490a7,https://napolitannews.org/jobapproval#06-04-2026
2026-06-05,2026-05-28,Clarity Campaign Labs,,LV,1045,40.0,58.0,-18.0,,,appdonclad90d3abf,https://www.claritycampaigns.com/clarity-omnibus-2026-may
2026-06-06,2026-06-04,Research Co.,,A,1001,38.0,57.0,-19.0,,,appdonres6259e65c,https://researchco.ca/wp-content/uploads/2026/06/Tables_Politics_USA_15Jun2026.pdf
2026-06-07,2026-05-20,HarrisX,Forbes,LV,1137,44.0,54.0,-10.0,,,appdonhar2d99bbc2,https://www.harrisx.com/content/forbes-harrisx-american-confidence-tracker-june-2026#06-07-2026
2026-06-07,2026-05-20,HarrisX,Forbes,RV,1392,42.0,55.0,-13.0,,,appdonhardbb327ef,https://www.harrisx.com/content/forbes-harrisx-american-confidence-tracker-june-2026#06-07-2026
2026-06-07,2026-05-20,HarrisX,Forbes,A,2010,41.0,55.0,-14.0,,,appdonharddae19f2,https://www.harrisx.com/content/forbes-harrisx-american-confidence-tracker-june-2026#06-07-2026
2026-06-07,2026-05-29,Hart Research Associates/Public Opinion Strategies,NBC News; More Perfect,RV,2400,42.0,57.0,-15.0,,,appdonhar035e6496,https://www.documentcloud.org/documents/28246606-260216-nbc-june-2026-poll-61426-release
2026-06-07,2026-05-29,Hart Research Associates/Public Opinion Strategies,NBC News; More Perfect,A,3000,39.0,58.0,-19.0,,,appdonhar6b75f74d,https://www.documentcloud.org/documents/28246606-260216-nbc-june-2026-poll-61426-release
2026-06-08,2026-06-07,Emerson College,,LV,1200,39.4,54.6,-15.2,,,appdonemeab263756,https://docs.google.com/spreadsheets/d/1OdhDSPbsk575neEvXB2v103QdfEAE8l-/edit?gid=1710999602#gid=1710999602
2026-06-08,2026-06-04,Global Strategy Group,Navigator Research,RV,1000,40.0,58.0,-18.0,,,appdonglo438a47fc,https://navigatorresearch.org/wp-content/uploads/2026/06/Navigator-Update-06.15.2026.pdf
2026-06-08,2026-06-03,Ipsos,Reuters,RV,3578,38.0,61.0,-23.0,,,appdonipsafe1f92e,https://www.ipsos.com/sites/default/files/ct/news/documents/2026-06/Reuters%20Ipsos%20Large%20Issue%20Topline%20June%202026%206.8%20release.pdf
2026-06-08,2026-06-03,Ipsos,Reuters,A,4531,35.0,63.0,-28.0,,,appdonips9b16ac80,https://www.ipsos.com/sites/default/files/ct/news/documents/2026-06/Reuters%20Ipsos%20Large%20Issue%20Topline%20June%202026%206.8%20release.pdf
2026-06-08,2026-06-06,Morning Consult,,RV,2200,44.0,54.0,-10.0,,,appdonmor94b82fbd,https://pro-assets.morningconsult.com/wp-uploads/2026/06/MCPI-PI-Weekly_260609.html#06-08-2026
2026-06-08,2026-06-05,YouGov,The Economist,RV,1438,39.0,59.0,-20.0,,,appdonyoudd7ff04e,https://d3nkl3psvxxpe9.cloudfront.net/documents/econTabReport_nvajahp.pdf#page=16
2026-06-08,2026-06-05,YouGov,The Economist,A,1568,35.0,60.0,-25.0,,,appdonyou07e04868,https://d3nkl3psvxxpe9.cloudfront.net/documents/econTabReport_nvajahp.pdf#page=16
2026-06-11,2026-06-08,Marist University,NPR; PBS News,RV,1162,38.0,59.0,-21.0,,,appdonmarc2ce770a,https://maristpoll.marist.edu/wp-content/uploads/2026/06/NPR_PBS-News_Marist-Poll_USA-NOS-and-Tables_202606120857.pdf
2026-06-11,2026-06-08,Marist University,NPR; PBS News,A,1340,36.0,59.0,-23.0,,,appdonmar61644b77,https://maristpoll.marist.edu/wp-content/uploads/2026/06/NPR_PBS-News_Marist-Poll_USA-NOS-and-Tables_202606120857.pdf
2026-06-11,2026-06-03,RMG Research,Napolitan Institute,RV,3000,42.0,56.0,-14.0,,,appdonrmg65905496,https://napolitannews.org/jobapproval#06-11-2026
2026-06-14,2026-06-11,Echelon Insights,,LV,1012,40.0,59.0,-19.0,,,appdonech98624dac,https://echeloninsights.com/hubfs/_Media%20for%20Insights%20Blog/June%202026%20Voter%20Omnibus%20Topline%20-%20External.pdf
2026-06-15,2026-06-12,Beacon Research/Shaw & Co. Research,Fox News,RV,1002,39.0,60.0,-21.0,,,appdonbea7035f2d9,https://static.foxnews.com/foxnews.com/content/uploads/2026/06/fox_june-12-15-2026_national_topline_june-17-release.pdf
2026-06-15,2026-06-12,Ipsos,Reuters,RV,1195,40.0,60.0,-20.0,,,appdonipsb35d6ff5,https://www.ipsos.com/sites/default/files/ct/news/documents/2026-06/Reuters%20Ipsos%20America%20250%20Poll%20Topline%20June%202026_0.pdf
2026-06-15,2026-06-12,Ipsos,Reuters,A,1537,36.0,62.0,-26.0,,,appdonipsb04fe7cb,https://www.ipsos.com/sites/default/files/ct/news/documents/2026-06/Reuters%20Ipsos%20America%20250%20Poll%20Topline%20June%202026_0.pdf
2026-06-15,2026-06-09,Marquette University Law School,,A,1514,38.0,62.0,-24.0,,,appdonmar846f107b,https://law.marquette.edu/poll/
2026-06-15,2026-06-12,Morning Consult,,RV,2200,43.1,53.4,-10.3,,,appdonmor53d7f039,https://pro-assets.morningconsult.com/wp-uploads/2026/06/MCPI-PI-Weekly_260622.html
2026-06-15,2026-06-13,YouGov,The Economist,RV,1403,41.0,56.0,-15.0,,,appdonyouf5029f98,https://d3nkl3psvxxpe9.cloudfront.net/documents/econTabReport_GpnDRNm.pdf#page=47
2026-06-15,2026-06-13,YouGov,The Economist,A,1549,39.0,56.0,-17.0,,,appdonyou591d5af4,https://d3nkl3psvxxpe9.cloudfront.net/documents/econTabReport_GpnDRNm.pdf#page=47
2026-06-16,2026-06-12,The Bullfinch Group,The Independent Center,RV,1000,42.0,56.0,-14.0,,,appdonthe259afea8,https://cdn.prod.website-files.com/68f64c3625044325e169d107/6a3583631f77734f69af70c8_2026%20IC%20Nationwide%20News%20Survey%20Toplines%20(1).pdf
2026-06-16,2026-06-12,The Bullfinch Group,The Independent Center,A,1200,40.0,56.0,-16.0,,,appdonthe3ee9a48a,https://cdn.prod.website-files.com/68f64c3625044325e169d107/6a3583631f77734f69af70c8_2026%20IC%20Nationwide%20News%20Survey%20Toplines%20(1).pdf
2026-06-17,2026-06-11,AP-NORC,,A,3040,37.0,62.0,-25.0,,,appdonap-6dc2cc83,https://apnorc.org/wp-content/uploads/2026/06/June-2026-Topline.pdf
2026-06-17,2026-06-16,Quantus Insights,,LV,1000,43.0,56.0,-13.0,,,appdonqua1fbaf73b,https://polls.quantusinsights.org/polls/national-approval-june-17?tab=toplines
2026-06-18,2026-06-10,RMG Research,Napolitan Institute,RV,3000,43.0,55.0,-12.0,,,appdonrmg0715e331,https://napolitannews.org/jobapproval#06-18-2026
2026-06-19,2026-06-17,YouGov,CBS News,A,2519,38.0,62.0,-24.0,,,appdonyoub00f2735,https://assets1.cbsnewsstatic.com/hub/cms/prod_cms_alt/file/2026/06/21/90063c95-6d0a-4a28-b9ab-528e08940916/cbsnews_20260621_sun.pdf
2026-06-20,2026-06-16,American Research Group,,RV,1006,30.0,67.0,-37.0,,,appdonameea0e73fc,https://americanresearchgroup.com/economy/
2026-06-20,2026-06-16,American Research Group,,A,1100,30.0,66.0,-36.0,,,appdoname2ec606c6,https://americanresearchgroup.com/economy/
2026-06-21,2026-06-19,J.L. Partners,Daily Mail,RV,1042,47.0,53.0,-6.0,,,appdonj.l5a345c41,https://www.dailymail.com/news/article-15921233/trump-approval-bounces-iran-deal.html
2026-06-22,2026-06-18,Echelon Insights,,LV,1003,41.0,58.0,-17.0,,,appdonech4ae9eee2,https://echeloninsights.com/insights/june-2026-america-250-verified-voter-omnibus
2026-06-22,2026-06-18,Ipsos,Reuters,RV,978,34.0,64.0,-30.0,,,appdonips8b682645,https://www.reuters.com/data/trumps-approval-rating-2025-01-21/
2026-06-22,2026-06-19,Morning Consult,,RV,2200,43.1,54.3,-11.2,,,appdonmord01ba943,https://pro-assets.morningconsult.com/wp-uploads/2026/06/MCPI-PI-Weekly_260622.html
2026-06-22,2026-06-18,Quinnipiac University,,RV,1165,38.0,55.0,-17.0,,,appdonquic94c3045,https://poll.qu.edu/poll-release?releaseid=3961
2026-06-22,2026-06-17,Verasight,Strength in Numbers,A,2087,37.0,60.0,-23.0,,,appdonvera0a8d3f8,https://www.gelliottmorris.com/p/poll
2026-06-22,2026-06-19,YouGov,The Economist,RV,1517,39.0,58.0,-19.0,,,appdonyoub2fe3e15,https://d3nkl3psvxxpe9.cloudfront.net/documents/econTabReport_v8p0Pe8.pdf#page=4
2026-06-22,2026-06-19,YouGov,The Economist,A,1679,36.0,58.0,-22.0,,,appdonyoub30354d7,https://d3nkl3psvxxpe9.cloudfront.net/documents/econTabReport_v8p0Pe8.pdf#page=4
2026-06-23,2026-06-17,McLaughlin & Associates,,LV,1000,46.0,50.0,-4.0,,,appdonmcl82c5b1de,https://mclaughlinonline.com/pols/wp-content/uploads/2026/06/National-June-Presentation-RELEASE-June-2026.pdf
2026-06-23,2026-06-16,RMG Research,Napolitan News Service,RV,3000,43.0,55.0,-12.0,REP,,appdonrmgbdce1d04,https://napolitannews.org/jobapproval
2026-06-28,2026-06-26,Big Data Poll,Public Polling Project,LV,2604,44.4,53.3,-8.9,,,appdonbig21afe736,https://www.bigdatapoll.com/blog/trump-bump-voters-overwhelmingly-support-iran-peace-deal/
2026-06-29,2026-06-26,YouGov,The Economist,RV,1428,40.0,58.0,-18.0,,,appdonyou319bfe49,https://d3nkl3psvxxpe9.cloudfront.net/documents/econTabReport_1tbbxVr.pdf#page=4
2026-07-06,2026-07-03,YouGov,The Economist,A,1603,35.0,61.0,-26.0,,,supp-yg-0706-a,https://d3nkl3psvxxpe9.cloudfront.net/documents/econTabReport_Qxo6bev.pdf#page=46
2026-07-06,2026-07-03,YouGov,The Economist,RV,1443,40.0,58.0,-18.0,,,supp-yg-0706-rv,https://d3nkl3psvxxpe9.cloudfront.net/documents/econTabReport_Qxo6bev.pdf#page=46
2026-07-20,2026-07-16,American Research Group,,A,1100,30.0,67.0,-37.0,,,supp-arg-0720-a,https://americanresearchgroup.com/economy/
2026-07-20,2026-07-16,American Research Group,,RV,,31.0,67.0,-36.0,,,supp-arg-0720-rv,https://americanresearchgroup.com/economy/
2026-07-20,2026-07-17,YouGov,The Economist,A,1602,36.0,60.0,-24.0,,,supp-yg-0720-a,https://d3nkl3psvxxpe9.cloudfront.net/documents/econTabReport_ESdiNMa.pdf#page=18
2026-07-20,2026-07-17,YouGov,The Economist,RV,1432,40.0,58.0,-18.0,,,supp-yg-0720-rv,https://d3nkl3psvxxpe9.cloudfront.net/documents/econTabReport_ESdiNMa.pdf#page=18
2026-07-27,2026-07-25,YouGov,The Economist,A,1559,34.0,62.0,-28.0,,,supp-yg-0727-a,https://d3nkl3psvxxpe9.cloudfront.net/documents/econTabReport_0t0YpHo.pdf#page=22
2026-07-27,2026-07-25,YouGov,The Economist,RV,1407,39.0,59.0,-20.0,,,supp-yg-0727-rv,https://d3nkl3psvxxpe9.cloudfront.net/documents/econTabReport_0t0YpHo.pdf#page=22
2026-08-03,2026-07-29,Ipsos,Reuters,A,4505,35.0,63.0,-28.0,,,supp-ips-0803-a,https://www.ipsos.com/sites/default/files/ct/news/documents/2026-08/Reuters%20Ipsos%20August%20Large%20Sample%20Topline%208.4.26.pdf
2026-08-03,2026-07-29,Ipsos,Reuters,RV,3542,38.0,61.0,-23.0,,,supp-ips-0803-rv,https://www.ipsos.com/sites/default/files/ct/news/documents/2026-08/Reuters%20Ipsos%20August%20Large%20Sample%20Topline%208.4.26.pdf
2026-08-03,2026-07-31,YouGov,The Economist,A,1609,36.0,60.0,-24.0,,,supp-yg-0803-a,https://d3nkl3psvxxpe9.cloudfront.net/documents/econTabReport_mjKhx0z.pdf#page=11
2026-08-03,2026-07-31,YouGov,The Economist,RV,1473,39.0,59.0,-20.0,,,supp-yg-0803-rv,https://d3nkl3psvxxpe9.cloudfront.net/documents/econTabReport_mjKhx0z.pdf#page=11
